{"location": {"address2": "Epsom", "country": "NZ", "zip_code": "1051", "state": "AUK", "address3": null, "address1": "217 Greenlane Rd West", "city": "Auckland"}, "term": "attractions", "url": "https://www.yelp.com/biz/asb-showgrounds-auckland?adjust_creative=92p07_JjKyriZTQxAXRiKQ&utm_campaign=yelp_api_v3&utm_medium=api_v3_business_lookup&utm_source=92p07_JjKyriZTQxAXRiKQ", "coordinates": {"latitude": -36.8926640948983, "longitude": 174.781794548035}, "id": "asb-showgrounds-auckland", "name": "ASB Showgrounds", "photos": ["https://s3-media2.fl.yelpcdn.com/bphoto/y1JKkFhGaZ83lQfnqjAX6w/o.jpg", "https://s3-media2.fl.yelpcdn.com/bphoto/cz-uwDUSNpt8C9_Yji35iw/o.jpg", "https://s3-media2.fl.yelpcdn.com/bphoto/8FVvWBnYNKpqNR39ZdArLQ/o.jpg"], "is_claimed": false, "review_count": 8, "categories": [{"alias": "venues", "title": "Venues & Event Spaces"}], "is_closed": false, "image_url": "https://s3-media4.fl.yelpcdn.com/bphoto/y1JKkFhGaZ83lQfnqjAX6w/o.jpg", "rating": 3.5, "phone": "+6496389969"}