{"location": {"address2": null, "country": "NZ", "zip_code": "1050", "state": "AUK", "address3": null, "address1": "5 Stoneyroyd", "city": "Auckland"}, "term": "attractions", "url": "https://www.yelp.com/biz/attractive-publications-and-office-services-auckland?adjust_creative=92p07_JjKyriZTQxAXRiKQ&utm_campaign=yelp_api_v3&utm_medium=api_v3_business_lookup&utm_source=92p07_JjKyriZTQxAXRiKQ", "coordinates": {"latitude": -36.8804207, "longitude": 174.8199463}, "id": "attractive-publications-and-office-services-auckland", "name": "Attractive Publications & Office Services", "photos": [], "rating": 0.0, "is_claimed": false, "categories": [], "is_closed": false, "image_url": "", "review_count": 0, "phone": "+6495201190"}