{"location": {"address2": "", "country": "NZ", "zip_code": "1010", "state": "AUK", "address3": "", "address1": "157 Hobson Street", "city": "Auckland"}, "term": "attractions", "url": "https://www.yelp.com/biz/auckland-city-hotel-auckland?adjust_creative=92p07_JjKyriZTQxAXRiKQ&utm_campaign=yelp_api_v3&utm_medium=api_v3_business_lookup&utm_source=92p07_JjKyriZTQxAXRiKQ", "coordinates": {"latitude": -36.8511402993629, "longitude": 174.759882241488}, "id": "auckland-city-hotel-auckland", "name": "Auckland City Hotel", "photos": ["https://s3-media4.fl.yelpcdn.com/bphoto/-RuUadUAcVbKaE4aDsrdPg/o.jpg", "https://s3-media1.fl.yelpcdn.com/bphoto/z0Wac6hmA7PPE0p-y1Q5NA/o.jpg", "https://s3-media2.fl.yelpcdn.com/bphoto/WjFC8i0pa6okZdkQKYr0cA/o.jpg"], "is_claimed": false, "review_count": 7, "categories": [{"alias": "hotels", "title": "Hotels"}], "price": "$$", "image_url": "https://s3-media2.fl.yelpcdn.com/bphoto/-RuUadUAcVbKaE4aDsrdPg/o.jpg", "rating": 2.5, "phone": "+6499250777", "is_closed": false}