{"location": {"state": "AUK", "zip_code": "1026", "address2": "", "country": "NZ", "address3": "", "address1": "2 Ash St, Avondale", "city": "Auckland"}, "term": "attractions", "url": "https://www.yelp.com/biz/avondale-sunday-market-auckland?adjust_creative=92p07_JjKyriZTQxAXRiKQ&utm_campaign=yelp_api_v3&utm_medium=api_v3_business_lookup&utm_source=92p07_JjKyriZTQxAXRiKQ", "coordinates": {"latitude": -36.8955919, "longitude": 174.6886575}, "id": "avondale-sunday-market-auckland", "rating": 4.0, "photos": ["https://s3-media1.fl.yelpcdn.com/bphoto/eQ_lMvBv51U2QH1REiBDOg/o.jpg", "https://s3-media2.fl.yelpcdn.com/bphoto/yCUEIlBjSvG3aYO8y5OkQQ/o.jpg", "https://s3-media2.fl.yelpcdn.com/bphoto/W8rNHCV0j7H3HgTHU9rSxg/o.jpg"], "is_claimed": false, "review_count": 10, "categories": [{"alias": "discountstore", "title": "Discount Store"}, {"alias": "localflavor", "title": "Local Flavor"}, {"alias": "farmersmarket", "title": "Farmers Market"}], "is_closed": false, "image_url": "https://s3-media4.fl.yelpcdn.com/bphoto/eQ_lMvBv51U2QH1REiBDOg/o.jpg", "hours": [{"hours_type": "REGULAR", "open": [{"end": "1200", "start": "0500", "day": 6, "is_overnight": false}], "is_open_now": false}], "name": "Avondale Sunday Market", "phone": "+6498184931", "price": "$"}