{"id": "ashton-lane-glasgow", "rating": 4.0, "coordinates": {"longitude": -4.29307061860239, "latitude": 55.8746593979282}, "is_claimed": false, "hours": [{"is_open_now": false, "open": [{"is_overnight": true, "day": 0, "start": "1100", "end": "0100"}, {"is_overnight": true, "day": 1, "start": "1100", "end": "0100"}, {"is_overnight": true, "day": 2, "start": "1100", "end": "0100"}, {"is_overnight": true, "day": 3, "start": "1100", "end": "0100"}, {"is_overnight": true, "day": 4, "start": "1100", "end": "0100"}, {"is_overnight": true, "day": 5, "start": "1100", "end": "0100"}, {"is_overnight": true, "day": 6, "start": "1100", "end": "0100"}], "hours_type": "REGULAR"}], "photos": ["https://s3-media4.fl.yelpcdn.com/bphoto/8rhN_HpB6EJmr75ZEzlicg/o.jpg", "https://s3-media4.fl.yelpcdn.com/bphoto/E5PqmJv1XsIChloK_GLZyg/o.jpg", "https://s3-media4.fl.yelpcdn.com/bphoto/fgB-VpQuyUDhiCQNPRmRdg/o.jpg"], "review_count": 15, "term": "attractions", "url": "https://www.yelp.com/biz/ashton-lane-glasgow?adjust_creative=92p07_JjKyriZTQxAXRiKQ&utm_campaign=yelp_api_v3&utm_medium=api_v3_business_lookup&utm_source=92p07_JjKyriZTQxAXRiKQ", "categories": [{"alias": "localflavor", "title": "Local Flavor"}], "location": {"address3": "", "zip_code": "G12 8SJ", "address1": "Ashton Ln", "address2": "West End", "city": "Glasgow", "state": "GLG", "country": "GB"}, "is_closed": false, "phone": "", "image_url": "https://s3-media2.fl.yelpcdn.com/bphoto/8rhN_HpB6EJmr75ZEzlicg/o.jpg", "name": "Ashton Lane"}