{"id": "bad-apples-bar-ardross", "rating": 4.0, "coordinates": {"longitude": 115.8347624, "latitude": -32.0211969}, "is_claimed": true, "hours": [{"is_open_now": true, "open": [{"is_overnight": false, "day": 1, "start": "1130", "end": "0000"}, {"is_overnight": false, "day": 2, "start": "1130", "end": "0000"}, {"is_overnight": false, "day": 3, "start": "1130", "end": "0000"}, {"is_overnight": false, "day": 4, "start": "1130", "end": "0000"}, {"is_overnight": false, "day": 5, "start": "1130", "end": "0000"}, {"is_overnight": false, "day": 6, "start": "1130", "end": "2200"}], "hours_type": "REGULAR"}], "photos": ["https://s3-media1.fl.yelpcdn.com/bphoto/0YJYgWaiyfwHd-cr7_eEbg/o.jpg", "https://s3-media1.fl.yelpcdn.com/bphoto/RuoHKRImzSDbqfm0RQIsog/o.jpg", "https://s3-media1.fl.yelpcdn.com/bphoto/7FG8rU5LrOU0Oe58__sk7A/o.jpg"], "review_count": 24, "price": "$$", "term": "attractions", "url": "https://www.yelp.com/biz/bad-apples-bar-ardross?adjust_creative=92p07_JjKyriZTQxAXRiKQ&utm_campaign=yelp_api_v3&utm_medium=api_v3_business_lookup&utm_source=92p07_JjKyriZTQxAXRiKQ", "categories": [{"title": "Bars", "alias": "bars"}, {"title": "Tapas/Small Plates", "alias": "tapasmallplates"}, {"title": "Venues & Event Spaces", "alias": "venues"}], "image_url": "https://s3-media2.fl.yelpcdn.com/bphoto/0YJYgWaiyfwHd-cr7_eEbg/o.jpg", "is_closed": false, "phone": "+61430098748", "location": {"address3": "", "zip_code": "6153", "address1": "Shop 6", "state": "WA", "city": "Ardross", "address2": "16 Riseley St", "country": "AU"}, "name": "Bad Apples Bar"}