{"photos": ["https://s3-media2.fl.yelpcdn.com/bphoto/FsswaU4KWzhm7St8tntF1Q/o.jpg", "https://s3-media4.fl.yelpcdn.com/bphoto/Yx_MBHz0Y_8Jy-hE8oETfw/o.jpg", "https://s3-media1.fl.yelpcdn.com/bphoto/QQzP5dOfewoXIDSTFzMAKQ/o.jpg"], "is_closed": false, "price": "$$", "location": {"zip_code": "6000", "address1": "91-93 Barrack St", "address3": null, "country": "AU", "state": "WA", "city": "Perth", "address2": null}, "image_url": "https://s3-media3.fl.yelpcdn.com/bphoto/FsswaU4KWzhm7St8tntF1Q/o.jpg", "term": "restaurants", "is_claimed": true, "review_count": 13, "id": "arirang-korean-barbecue-restaurant-perth", "hours": [{"is_open_now": false, "hours_type": "REGULAR", "open": [{"is_overnight": false, "day": 0, "end": "1500", "start": "1130"}, {"is_overnight": false, "day": 0, "end": "2130", "start": "1700"}, {"is_overnight": false, "day": 1, "end": "1500", "start": "1130"}, {"is_overnight": false, "day": 1, "end": "2130", "start": "1700"}, {"is_overnight": false, "day": 2, "end": "1500", "start": "1130"}, {"is_overnight": false, "day": 2, "end": "2130", "start": "1700"}, {"is_overnight": false, "day": 3, "end": "1500", "start": "1130"}, {"is_overnight": false, "day": 3, "end": "2130", "start": "1700"}, {"is_overnight": false, "day": 4, "end": "1500", "start": "1130"}, {"is_overnight": false, "day": 4, "end": "2200", "start": "1700"}, {"is_overnight": false, "day": 5, "end": "1500", "start": "1130"}, {"is_overnight": false, "day": 5, "end": "2200", "start": "1700"}, {"is_overnight": false, "day": 6, "end": "1500", "start": "1130"}, {"is_overnight": false, "day": 6, "end": "2130", "start": "1700"}]}], "categories": [{"title": "Korean", "alias": "korean"}], "phone": "+61892254855", "rating": 3.5, "name": "Arirang Korean Barbecue Restaurant", "url": "https://www.yelp.com/biz/arirang-korean-barbecue-restaurant-perth?adjust_creative=92p07_JjKyriZTQxAXRiKQ&utm_campaign=yelp_api_v3&utm_medium=api_v3_business_lookup&utm_source=92p07_JjKyriZTQxAXRiKQ", "coordinates": {"latitude": -31.9538135, "longitude": 115.860374}}