{"photos": [], "is_closed": false, "location": {"zip_code": "6008", "address1": "417 Hay Street", "address3": "", "country": "AU", "city": "Perth", "address2": "", "state": "WA"}, "image_url": "", "term": "restaurants", "is_claimed": false, "review_count": 1, "id": "armada-restaurant-and-bar-perth", "categories": [{"title": "Australian", "alias": "australian"}], "phone": "+61892381888", "rating": 5.0, "name": "Armada Restaurant & Bar", "url": "https://www.yelp.com/biz/armada-restaurant-and-bar-perth?adjust_creative=92p07_JjKyriZTQxAXRiKQ&utm_campaign=yelp_api_v3&utm_medium=api_v3_business_lookup&utm_source=92p07_JjKyriZTQxAXRiKQ", "coordinates": {"latitude": -31.9565338639549, "longitude": 115.865584063247}}