{"photos": ["https://s3-media1.fl.yelpcdn.com/bphoto/NTV8CGvwwPL4lxM8HsC9YA/o.jpg", "https://s3-media3.fl.yelpcdn.com/bphoto/DjVjxTeC9uhNsCObqrxc4Q/o.jpg", "https://s3-media2.fl.yelpcdn.com/bphoto/MwiYHohLOitvytaaZT8srg/o.jpg"], "is_closed": false, "location": {"zip_code": "6000", "address1": "195 Brisbane St", "address3": "", "country": "AU", "city": "Perth", "address2": "", "state": "WA"}, "price": "$$", "term": "restaurants", "is_claimed": true, "image_url": "https://s3-media1.fl.yelpcdn.com/bphoto/NTV8CGvwwPL4lxM8HsC9YA/o.jpg", "id": "art-starter-coffee-perth-2", "hours": [{"is_open_now": true, "hours_type": "REGULAR", "open": [{"is_overnight": false, "day": 0, "end": "1500", "start": "0700"}, {"is_overnight": false, "day": 1, "end": "1700", "start": "0700"}, {"is_overnight": false, "day": 2, "end": "1700", "start": "0700"}, {"is_overnight": false, "day": 3, "end": "1700", "start": "0700"}, {"is_overnight": false, "day": 4, "end": "1700", "start": "0700"}, {"is_overnight": false, "day": 5, "end": "1700", "start": "0700"}, {"is_overnight": false, "day": 6, "end": "1600", "start": "0700"}]}], "categories": [{"title": "Cafes", "alias": "cafes"}, {"title": "Breakfast & Brunch", "alias": "breakfast_brunch"}, {"title": "Art Galleries", "alias": "galleries"}], "phone": "+61864680548", "rating": 4.0, "name": "Art Starter Coffee", "url": "https://www.yelp.com/biz/art-starter-coffee-perth-2?adjust_creative=92p07_JjKyriZTQxAXRiKQ&utm_campaign=yelp_api_v3&utm_medium=api_v3_business_lookup&utm_source=92p07_JjKyriZTQxAXRiKQ", "coordinates": {"latitude": -31.9421406, "longitude": 115.8609467}, "review_count": 6}