{"is_closed": false, "photos": ["https://s3-media3.fl.yelpcdn.com/bphoto/ISQax1wDqQzwgCa8veMsLQ/o.jpg"], "location": {"zip_code": "6000", "address1": "Esplanade Busport", "address3": null, "address2": "Mounts Bay Road", "city": "Perth", "country": "AU", "state": "WA"}, "image_url": "https://s3-media1.fl.yelpcdn.com/bphoto/ISQax1wDqQzwgCa8veMsLQ/o.jpg", "term": "restaurants", "is_claimed": false, "phone": "+61893223113", "id": "asian-corner-perth", "hours": [{"is_open_now": true, "hours_type": "REGULAR", "open": [{"is_overnight": false, "day": 0, "end": "1900", "start": "0700"}, {"is_overnight": false, "day": 1, "end": "1900", "start": "0700"}, {"is_overnight": false, "day": 2, "end": "1900", "start": "0700"}, {"is_overnight": false, "day": 3, "end": "1900", "start": "0700"}, {"is_overnight": false, "day": 4, "end": "1900", "start": "0700"}, {"is_overnight": false, "day": 5, "end": "1800", "start": "0800"}, {"is_overnight": false, "day": 6, "end": "1700", "start": "1000"}]}], "categories": [{"title": "Fast Food", "alias": "hotdogs"}], "rating": 4.0, "name": "Asian Corner", "url": "https://www.yelp.com/biz/asian-corner-perth?adjust_creative=92p07_JjKyriZTQxAXRiKQ&utm_campaign=yelp_api_v3&utm_medium=api_v3_business_lookup&utm_source=92p07_JjKyriZTQxAXRiKQ", "coordinates": {"latitude": -31.9677105, "longitude": 115.8385391}, "review_count": 1}