{"photos": ["https://s3-media3.fl.yelpcdn.com/bphoto/i4Rredb4rxOhwGG_mXnSrw/o.jpg", "https://s3-media4.fl.yelpcdn.com/bphoto/werefu-Ps-1AbPdRt2_8FQ/o.jpg", "https://s3-media1.fl.yelpcdn.com/bphoto/AwbraeHEP06myMKBNeLEGw/o.jpg"], "is_closed": false, "price": "$$", "location": {"zip_code": "6000", "address1": "3/2 St Georges Terrace", "address3": null, "country": "AU", "state": "WA", "city": "Perth", "address2": null}, "image_url": "https://s3-media1.fl.yelpcdn.com/bphoto/i4Rredb4rxOhwGG_mXnSrw/o.jpg", "term": "restaurants", "is_claimed": true, "review_count": 16, "id": "balti-indian-restaurant-perth", "hours": [{"is_open_now": false, "hours_type": "REGULAR", "open": [{"is_overnight": false, "day": 0, "end": "1430", "start": "1130"}, {"is_overnight": false, "day": 0, "end": "2230", "start": "1715"}, {"is_overnight": false, "day": 1, "end": "1430", "start": "1130"}, {"is_overnight": false, "day": 1, "end": "2230", "start": "1715"}, {"is_overnight": false, "day": 2, "end": "1430", "start": "1130"}, {"is_overnight": false, "day": 2, "end": "2230", "start": "1715"}, {"is_overnight": false, "day": 3, "end": "1430", "start": "1130"}, {"is_overnight": false, "day": 3, "end": "2230", "start": "1715"}, {"is_overnight": false, "day": 4, "end": "1430", "start": "1130"}, {"is_overnight": false, "day": 4, "end": "2230", "start": "1715"}, {"is_overnight": false, "day": 5, "end": "1500", "start": "1130"}, {"is_overnight": false, "day": 5, "end": "2230", "start": "1715"}, {"is_overnight": false, "day": 6, "end": "1500", "start": "1130"}, {"is_overnight": false, "day": 6, "end": "2230", "start": "1715"}]}], "categories": [{"title": "Indian", "alias": "indpak"}, {"title": "Cocktail Bars", "alias": "cocktailbars"}], "phone": "+61892213306", "rating": 4.0, "name": "Balti Indian Restaurant", "url": "https://www.yelp.com/biz/balti-indian-restaurant-perth?adjust_creative=92p07_JjKyriZTQxAXRiKQ&utm_campaign=yelp_api_v3&utm_medium=api_v3_business_lookup&utm_source=92p07_JjKyriZTQxAXRiKQ", "coordinates": {"latitude": -31.95712, "longitude": 115.86532}}