{"is_closed": false, "photos": ["https://s3-media2.fl.yelpcdn.com/bphoto/LVfGiUhKjALI472NyeRgSA/o.jpg", "https://s3-media3.fl.yelpcdn.com/bphoto/CeTvWHRAeMtN4aTEGp4ggw/o.jpg", "https://s3-media2.fl.yelpcdn.com/bphoto/gWjbXc7RC6Vqm1Fr7UX8cw/o.jpg"], "review_count": 5, "price": "$$$", "term": "restaurants", "is_claimed": false, "image_url": "https://s3-media3.fl.yelpcdn.com/bphoto/LVfGiUhKjALI472NyeRgSA/o.jpg", "id": "bangkok-on-william-perth", "hours": [{"is_open_now": false, "hours_type": "REGULAR", "open": [{"is_overnight": false, "start": "1100", "end": "1600", "day": 0}, {"is_overnight": false, "start": "1730", "end": "2130", "day": 0}, {"is_overnight": false, "start": "1100", "end": "1600", "day": 1}, {"is_overnight": false, "start": "1730", "end": "2130", "day": 1}, {"is_overnight": false, "start": "1100", "end": "1600", "day": 2}, {"is_overnight": false, "start": "1730", "end": "2130", "day": 2}, {"is_overnight": false, "start": "1100", "end": "1600", "day": 3}, {"is_overnight": false, "start": "1730", "end": "2130", "day": 3}, {"is_overnight": false, "start": "1100", "end": "1600", "day": 4}, {"is_overnight": false, "start": "1730", "end": "2130", "day": 4}, {"is_overnight": false, "start": "1100", "end": "1600", "day": 5}, {"is_overnight": false, "start": "1730", "end": "2130", "day": 5}, {"is_overnight": false, "start": "1100", "end": "1600", "day": 6}, {"is_overnight": false, "start": "1730", "end": "2130", "day": 6}]}], "location": {"zip_code": "6000", "address1": "440 William St", "address3": "", "address2": "", "city": "Perth", "country": "AU", "state": "WA"}, "categories": [{"title": "Thai", "alias": "thai"}], "phone": "+6192283222", "rating": 4.0, "name": "Bangkok On William", "url": "https://www.yelp.com/biz/bangkok-on-william-perth?adjust_creative=92p07_JjKyriZTQxAXRiKQ&utm_campaign=yelp_api_v3&utm_medium=api_v3_business_lookup&utm_source=92p07_JjKyriZTQxAXRiKQ", "coordinates": {"latitude": -31.9435530938512, "longitude": 115.862942253885}}