{"is_closed": false, "photos": ["https://s3-media3.fl.yelpcdn.com/bphoto/zjYc9mleXTQaSU4i05bBlg/o.jpg", "https://s3-media3.fl.yelpcdn.com/bphoto/yIE7wArh9mfp2Au2kxOSyg/o.jpg", "https://s3-media2.fl.yelpcdn.com/bphoto/uuEMQLmDGswdbvSi_5FLtA/o.jpg"], "location": {"zip_code": "6000", "address1": "Shop 16", "address3": "", "address2": "Shafto Lane", "city": "Perth", "country": "AU", "state": "WA"}, "image_url": "https://s3-media3.fl.yelpcdn.com/bphoto/zjYc9mleXTQaSU4i05bBlg/o.jpg", "price": "$$", "term": "restaurants", "is_claimed": true, "phone": "+61894816222", "id": "angel-falls-grill-perth", "hours": [{"is_open_now": true, "hours_type": "REGULAR", "open": [{"is_overnight": false, "day": 0, "end": "2200", "start": "0700"}, {"is_overnight": false, "day": 1, "end": "2200", "start": "0700"}, {"is_overnight": false, "day": 2, "end": "2200", "start": "0700"}, {"is_overnight": false, "day": 3, "end": "2300", "start": "0700"}, {"is_overnight": false, "day": 4, "end": "2300", "start": "0700"}, {"is_overnight": false, "day": 5, "end": "2300", "start": "0800"}, {"is_overnight": false, "day": 6, "end": "2200", "start": "0900"}]}], "categories": [{"title": "Latin American", "alias": "latin"}, {"title": "Bars", "alias": "bars"}, {"title": "Gluten-Free", "alias": "gluten_free"}], "rating": 4.0, "name": "Angel Falls Grill", "url": "https://www.yelp.com/biz/angel-falls-grill-perth?adjust_creative=92p07_JjKyriZTQxAXRiKQ&utm_campaign=yelp_api_v3&utm_medium=api_v3_business_lookup&utm_source=92p07_JjKyriZTQxAXRiKQ", "coordinates": {"latitude": -31.9518901130844, "longitude": 115.853620398056}, "review_count": 13}