{"is_closed": false, "photos": ["https://s3-media2.fl.yelpcdn.com/bphoto/cPNMDcxMPqAct9tPfq9bMA/o.jpg", "https://s3-media3.fl.yelpcdn.com/bphoto/_t1_9isPcQKCmnLCrJlMMA/o.jpg", "https://s3-media2.fl.yelpcdn.com/bphoto/dGx99DOW7kXCqVYMeR58sg/o.jpg"], "review_count": 4, "price": "$$$", "term": "restaurants", "is_claimed": true, "image_url": "https://s3-media1.fl.yelpcdn.com/bphoto/cPNMDcxMPqAct9tPfq9bMA/o.jpg", "id": "aqua-bar-perth", "hours": [{"is_open_now": false, "hours_type": "REGULAR", "open": [{"is_overnight": false, "start": "1600", "end": "2200", "day": 3}, {"is_overnight": false, "start": "1200", "end": "0000", "day": 4}, {"is_overnight": false, "start": "1200", "end": "0000", "day": 5}, {"is_overnight": false, "start": "1200", "end": "2200", "day": 6}]}], "location": {"zip_code": "6000", "address1": "Barrack St Jetty", "address3": "", "address2": "", "city": "Perth", "country": "AU", "state": "WA"}, "categories": [{"title": "Lounges", "alias": "lounges"}, {"title": "Australian", "alias": "australian"}], "phone": "+61893253700", "rating": 3.5, "name": "Aqua Bar", "url": "https://www.yelp.com/biz/aqua-bar-perth?adjust_creative=92p07_JjKyriZTQxAXRiKQ&utm_campaign=yelp_api_v3&utm_medium=api_v3_business_lookup&utm_source=92p07_JjKyriZTQxAXRiKQ", "coordinates": {"latitude": -31.9594796492322, "longitude": 115.858743098775}}