{"is_closed": false, "photos": ["https://s3-media4.fl.yelpcdn.com/bphoto/ZNbhktRD5znlW4a6_N5C6g/o.jpg", "https://s3-media1.fl.yelpcdn.com/bphoto/pmcNE7YoDbRl4JkhLytcPg/o.jpg", "https://s3-media4.fl.yelpcdn.com/bphoto/sLpKMaWIlTksry5eiKgLhQ/o.jpg"], "location": {"zip_code": "6000", "address1": "108 William St", "address3": "", "address2": "", "city": "Perth", "country": "AU", "state": "WA"}, "image_url": "https://s3-media1.fl.yelpcdn.com/bphoto/ZNbhktRD5znlW4a6_N5C6g/o.jpg", "price": "$", "term": "restaurants", "is_claimed": false, "rating": 4.0, "id": "ark-star-sushi-perth", "categories": [{"title": "Sushi Bars", "alias": "sushi"}], "phone": "", "name": "Ark Star Sushi", "url": "https://www.yelp.com/biz/ark-star-sushi-perth?adjust_creative=92p07_JjKyriZTQxAXRiKQ&utm_campaign=yelp_api_v3&utm_medium=api_v3_business_lookup&utm_source=92p07_JjKyriZTQxAXRiKQ", "coordinates": {"latitude": -31.9526749, "longitude": 115.8575592}, "review_count": 5}