{"is_closed": false, "photos": ["https://s3-media1.fl.yelpcdn.com/bphoto/F-QQEUEEw03vo_Apt8Q9bQ/o.jpg", "https://s3-media3.fl.yelpcdn.com/bphoto/vk3wl2s7IyIyeDVDvKXJLg/o.jpg", "https://s3-media4.fl.yelpcdn.com/bphoto/-9PSm2lbsSS7JzoTU1ltCw/o.jpg"], "location": {"zip_code": "6000", "address1": "Art Gallery of Western Australia", "address3": null, "address2": "Perth Cultural Centre Roe St", "city": "Perth", "country": "AU", "state": "WA"}, "image_url": "https://s3-media2.fl.yelpcdn.com/bphoto/F-QQEUEEw03vo_Apt8Q9bQ/o.jpg", "price": "$$", "term": "restaurants", "is_claimed": false, "phone": "+61892283100", "id": "arthouse-dine-perth", "hours": [{"is_open_now": true, "hours_type": "REGULAR", "open": [{"is_overnight": false, "day": 0, "end": "1800", "start": "1000"}, {"is_overnight": false, "day": 1, "end": "1800", "start": "1000"}, {"is_overnight": false, "day": 2, "end": "1800", "start": "1000"}, {"is_overnight": false, "day": 3, "end": "1800", "start": "1000"}, {"is_overnight": false, "day": 4, "end": "2300", "start": "1000"}, {"is_overnight": false, "day": 5, "end": "2300", "start": "1000"}, {"is_overnight": false, "day": 6, "end": "1800", "start": "1000"}]}], "categories": [{"title": "Bistros", "alias": "bistros"}, {"title": "Breakfast & Brunch", "alias": "breakfast_brunch"}, {"title": "Modern Australian", "alias": "modern_australian"}], "rating": 4.0, "name": "Arthouse Dine", "url": "https://www.yelp.com/biz/arthouse-dine-perth?adjust_creative=92p07_JjKyriZTQxAXRiKQ&utm_campaign=yelp_api_v3&utm_medium=api_v3_business_lookup&utm_source=92p07_JjKyriZTQxAXRiKQ", "coordinates": {"latitude": -31.950413, "longitude": 115.860603}, "review_count": 6}