{"is_closed": false, "photos": ["https://s3-media1.fl.yelpcdn.com/bphoto/BTrBr0p0udjCHI63mqnixg/o.jpg", "https://s3-media3.fl.yelpcdn.com/bphoto/gEz4mOAtLRGC6hI4DQwCVg/o.jpg", "https://s3-media4.fl.yelpcdn.com/bphoto/v0-1fh_J2rIfRM7rNDBD4A/o.jpg"], "location": {"zip_code": "6000", "address1": "145 Newcastle St", "address3": "", "address2": "", "city": "Perth", "country": "AU", "state": "WA"}, "image_url": "https://s3-media1.fl.yelpcdn.com/bphoto/BTrBr0p0udjCHI63mqnixg/o.jpg", "price": "$$", "term": "restaurants", "is_claimed": false, "phone": "+61423310599", "id": "authentic-bites-dumpling-house-perth", "hours": [{"is_open_now": false, "hours_type": "REGULAR", "open": [{"is_overnight": false, "day": 0, "end": "1500", "start": "1130"}, {"is_overnight": false, "day": 0, "end": "2100", "start": "1730"}, {"is_overnight": false, "day": 1, "end": "1500", "start": "1130"}, {"is_overnight": false, "day": 1, "end": "2100", "start": "1730"}, {"is_overnight": false, "day": 2, "end": "1500", "start": "1130"}, {"is_overnight": false, "day": 2, "end": "2100", "start": "1730"}, {"is_overnight": false, "day": 3, "end": "1500", "start": "1130"}, {"is_overnight": false, "day": 3, "end": "2100", "start": "1730"}, {"is_overnight": false, "day": 4, "end": "1500", "start": "1130"}, {"is_overnight": false, "day": 4, "end": "2100", "start": "1730"}, {"is_overnight": false, "day": 5, "end": "1500", "start": "1130"}, {"is_overnight": false, "day": 5, "end": "2100", "start": "1730"}, {"is_overnight": false, "day": 6, "end": "1500", "start": "1130"}, {"is_overnight": false, "day": 6, "end": "2100", "start": "1730"}]}], "categories": [{"title": "Shanghainese", "alias": "shanghainese"}, {"title": "Dim Sum", "alias": "dimsum"}], "rating": 4.5, "name": "Authentic Bites Dumpling House", "url": "https://www.yelp.com/biz/authentic-bites-dumpling-house-perth?adjust_creative=92p07_JjKyriZTQxAXRiKQ&utm_campaign=yelp_api_v3&utm_medium=api_v3_business_lookup&utm_source=92p07_JjKyriZTQxAXRiKQ", "coordinates": {"latitude": -31.9469, "longitude": 115.86185}, "review_count": 19}