{"is_closed": false, "photos": ["https://s3-media3.fl.yelpcdn.com/bphoto/GDR04jKqThA9S5u2cBSmFg/o.jpg", "https://s3-media1.fl.yelpcdn.com/bphoto/wKooDdg6jxCqIAMyZnb4Jw/o.jpg", "https://s3-media1.fl.yelpcdn.com/bphoto/7rOjmhyP-N7x6E_XnOfDeg/o.jpg"], "review_count": 28, "price": "$$", "term": "restaurants", "is_claimed": true, "image_url": "https://s3-media3.fl.yelpcdn.com/bphoto/GDR04jKqThA9S5u2cBSmFg/o.jpg", "id": "babooshka-perth", "hours": [{"is_open_now": true, "hours_type": "REGULAR", "open": [{"is_overnight": false, "start": "0700", "end": "1500", "day": 0}, {"is_overnight": false, "start": "0700", "end": "1500", "day": 1}, {"is_overnight": false, "start": "0700", "end": "1500", "day": 2}, {"is_overnight": false, "start": "0700", "end": "1500", "day": 3}, {"is_overnight": false, "start": "0700", "end": "1500", "day": 4}, {"is_overnight": false, "start": "0900", "end": "1400", "day": 5}, {"is_overnight": false, "start": "0900", "end": "1400", "day": 6}]}], "location": {"zip_code": "6003", "address1": "Unit 7", "address3": "", "address2": "189 William St", "city": "Perth", "country": "AU", "state": "WA"}, "categories": [{"title": "Breakfast & Brunch", "alias": "breakfast_brunch"}, {"title": "Coffee & Tea", "alias": "coffee"}], "phone": "+61429986026", "rating": 3.5, "name": "Babooshka", "url": "https://www.yelp.com/biz/babooshka-perth?adjust_creative=92p07_JjKyriZTQxAXRiKQ&utm_campaign=yelp_api_v3&utm_medium=api_v3_business_lookup&utm_source=92p07_JjKyriZTQxAXRiKQ", "coordinates": {"latitude": -31.9491784462629, "longitude": 115.858644875777}}