{"is_closed": false, "photos": ["https://s3-media3.fl.yelpcdn.com/bphoto/zkDtPQR0vy0csmCOQCx36g/o.jpg", "https://s3-media1.fl.yelpcdn.com/bphoto/yNLyCanewMeaQFGrAKZQZg/o.jpg", "https://s3-media2.fl.yelpcdn.com/bphoto/34jZErmwOaIQtX1z0dlsJg/o.jpg"], "location": {"zip_code": "6000", "address1": "138 Barrack St", "address3": "", "address2": null, "city": "Perth", "country": "AU", "state": "WA"}, "image_url": "https://s3-media1.fl.yelpcdn.com/bphoto/zkDtPQR0vy0csmCOQCx36g/o.jpg", "price": "$$", "term": "restaurants", "is_claimed": true, "phone": "+61892256388", "id": "bar-138-on-barrack-perth-3", "hours": [{"is_open_now": false, "hours_type": "REGULAR", "open": [{"is_overnight": false, "day": 0, "end": "1500", "start": "1200"}, {"is_overnight": false, "day": 0, "end": "2000", "start": "1700"}, {"is_overnight": false, "day": 1, "end": "1500", "start": "1200"}, {"is_overnight": false, "day": 1, "end": "2000", "start": "1700"}, {"is_overnight": false, "day": 2, "end": "1500", "start": "1200"}, {"is_overnight": false, "day": 2, "end": "2000", "start": "1700"}, {"is_overnight": false, "day": 3, "end": "1500", "start": "1200"}, {"is_overnight": false, "day": 3, "end": "2000", "start": "1700"}, {"is_overnight": false, "day": 4, "end": "1500", "start": "1200"}, {"is_overnight": false, "day": 4, "end": "2000", "start": "1700"}]}], "categories": [{"title": "Pubs", "alias": "pubs"}, {"title": "Cafes", "alias": "cafes"}], "rating": 3.5, "name": "Bar 138 On Barrack", "url": "https://www.yelp.com/biz/bar-138-on-barrack-perth-3?adjust_creative=92p07_JjKyriZTQxAXRiKQ&utm_campaign=yelp_api_v3&utm_medium=api_v3_business_lookup&utm_source=92p07_JjKyriZTQxAXRiKQ", "coordinates": {"latitude": -31.95289, "longitude": 115.86144}, "review_count": 3}