{"photos": ["https://s3-media1.fl.yelpcdn.com/bphoto/p9-uBhdSoxL18PUbDg_N2Q/o.jpg", "https://s3-media2.fl.yelpcdn.com/bphoto/XtS2y50EqOUZOQeChoha9A/o.jpg", "https://s3-media4.fl.yelpcdn.com/bphoto/VioV3BWyMSPIL-YsFuVqfg/o.jpg"], "is_closed": false, "location": {"zip_code": "6000", "address1": "125 St Georges Tce", "address3": "", "country": "AU", "city": "Perth", "address2": "", "state": "WA"}, "price": "$$", "term": "restaurants", "is_claimed": true, "image_url": "https://s3-media3.fl.yelpcdn.com/bphoto/p9-uBhdSoxL18PUbDg_N2Q/o.jpg", "id": "bar-lafayette-perth", "hours": [{"is_open_now": false, "hours_type": "REGULAR", "open": [{"is_overnight": false, "day": 0, "end": "0000", "start": "1600"}, {"is_overnight": false, "day": 1, "end": "0000", "start": "1600"}, {"is_overnight": false, "day": 2, "end": "0000", "start": "1600"}, {"is_overnight": false, "day": 3, "end": "0000", "start": "1600"}, {"is_overnight": false, "day": 4, "end": "0000", "start": "1400"}, {"is_overnight": false, "day": 5, "end": "0000", "start": "1600"}]}], "categories": [{"title": "Restaurants", "alias": "restaurants"}, {"title": "Cocktail Bars", "alias": "cocktailbars"}], "phone": "+61416816355", "rating": 4.0, "name": "Bar Lafayette", "url": "https://www.yelp.com/biz/bar-lafayette-perth?adjust_creative=92p07_JjKyriZTQxAXRiKQ&utm_campaign=yelp_api_v3&utm_medium=api_v3_business_lookup&utm_source=92p07_JjKyriZTQxAXRiKQ", "coordinates": {"latitude": -31.95438, "longitude": 115.8550415}, "review_count": 32}