{"id": "api-travelscene-adelaide", "rating": 0.0, "coordinates": {"longitude": 138.6004028, "latitude": -34.9254608}, "is_claimed": false, "photos": [], "review_count": 0, "term": "hotels", "url": "https://www.yelp.com/biz/api-travelscene-adelaide?adjust_creative=92p07_JjKyriZTQxAXRiKQ&utm_campaign=yelp_api_v3&utm_medium=api_v3_business_lookup&utm_source=92p07_JjKyriZTQxAXRiKQ", "categories": [{"alias": "travelservices", "title": "Travel Services"}], "location": {"address3": null, "zip_code": "5000", "address1": "12 Pirie St", "address2": null, "city": "Adelaide", "state": "SA", "country": "AU"}, "is_closed": false, "phone": "+61884032020", "image_url": "", "name": "API Travelscene"}