{"id": "aussie-glampers-adelaide", "rating": 0.0, "coordinates": {"longitude": 138.601828439435, "latitude": -34.9297788222914}, "is_claimed": true, "hours": [{"is_open_now": true, "open": [{"is_overnight": false, "day": 0, "start": "0000", "end": "0000"}, {"is_overnight": false, "day": 1, "start": "0000", "end": "0000"}, {"is_overnight": false, "day": 2, "start": "0000", "end": "0000"}, {"is_overnight": false, "day": 3, "start": "0000", "end": "0000"}, {"is_overnight": false, "day": 4, "start": "0000", "end": "0000"}, {"is_overnight": false, "day": 5, "start": "0000", "end": "0000"}, {"is_overnight": false, "day": 6, "start": "0000", "end": "0000"}], "hours_type": "REGULAR"}], "photos": [], "review_count": 0, "term": "hotels", "url": "https://www.yelp.com/biz/aussie-glampers-adelaide?adjust_creative=92p07_JjKyriZTQxAXRiKQ&utm_campaign=yelp_api_v3&utm_medium=api_v3_business_lookup&utm_source=92p07_JjKyriZTQxAXRiKQ", "categories": [{"title": "RV Rental", "alias": "rvrental"}], "image_url": "", "is_closed": false, "phone": "+61423347764", "location": {"address3": "", "zip_code": "5093", "address1": "", "state": "SA", "city": "Adelaide", "address2": null, "country": "AU"}, "name": "Aussie Glampers"}