{"id": "australian-holiday-centre-adelaide", "rating": 0.0, "coordinates": {"longitude": 138.5992432, "latitude": -34.92416}, "is_claimed": false, "photos": [], "review_count": 0, "term": "hotels", "url": "https://www.yelp.com/biz/australian-holiday-centre-adelaide?adjust_creative=92p07_JjKyriZTQxAXRiKQ&utm_campaign=yelp_api_v3&utm_medium=api_v3_business_lookup&utm_source=92p07_JjKyriZTQxAXRiKQ", "categories": [{"title": "Travel Services", "alias": "travelservices"}], "image_url": "", "is_closed": false, "phone": "+61882215044", "location": {"address3": null, "zip_code": "5000", "address1": "75 King William St", "state": "SA", "city": "Adelaide", "address2": null, "country": "AU"}, "name": "Australian Holiday Centre"}