{"id": "australian-luxury-stays-adelaide", "rating": 0.0, "coordinates": {"longitude": 138.6060333, "latitude": -34.9256897}, "is_claimed": false, "photos": ["https://s3-media4.fl.yelpcdn.com/bphoto/hVIyKnNcN47VFuGjdFzOfg/o.jpg", "https://s3-media1.fl.yelpcdn.com/bphoto/P_bITvMZyu_-c7qvrFQWXA/o.jpg", "https://s3-media3.fl.yelpcdn.com/bphoto/UvEXCHHqVL6frts9pKulrA/o.jpg"], "review_count": 0, "term": "hotels", "url": "https://www.yelp.com/biz/australian-luxury-stays-adelaide?adjust_creative=92p07_JjKyriZTQxAXRiKQ&utm_campaign=yelp_api_v3&utm_medium=api_v3_business_lookup&utm_source=92p07_JjKyriZTQxAXRiKQ", "categories": [{"alias": "hotels", "title": "Hotels"}], "location": {"address3": null, "zip_code": "5000", "address1": "186B Pulteney St", "state": "SA", "city": "Adelaide", "address2": null, "country": "AU"}, "is_closed": false, "phone": "+611300884221", "image_url": "https://s3-media2.fl.yelpcdn.com/bphoto/hVIyKnNcN47VFuGjdFzOfg/o.jpg", "name": "Australian Luxury Stays"}