{"id": "australia-brunei-darussalam-business-council-adelaide", "rating": 0.0, "coordinates": {"longitude": 138.5968781, "latitude": -34.9289932}, "is_claimed": false, "photos": [], "review_count": 0, "term": "hotels", "url": "https://www.yelp.com/biz/australia-brunei-darussalam-business-council-adelaide?adjust_creative=92p07_JjKyriZTQxAXRiKQ&utm_campaign=yelp_api_v3&utm_medium=api_v3_business_lookup&utm_source=92p07_JjKyriZTQxAXRiKQ", "categories": [{"alias": "travelservices", "title": "Travel Services"}], "location": {"address3": null, "zip_code": "5000", "address1": "63 Grote St", "state": "SA", "city": "Adelaide", "address2": null, "country": "AU"}, "is_closed": false, "phone": "+61882215722", "image_url": "", "name": "Australia-Brunei Darussalam Business Council"}