{"id": "backpackers-inn-adelaide", "rating": 4.0, "coordinates": {"longitude": 138.6042023, "latitude": -34.9311676}, "is_claimed": false, "photos": ["https://s3-media4.fl.yelpcdn.com/bphoto/MAtAG9BF6_YHOpCoxnWoNA/o.jpg", "https://s3-media4.fl.yelpcdn.com/bphoto/OGoR3ahV540QOHwQBWduHA/o.jpg", "https://s3-media2.fl.yelpcdn.com/bphoto/wz21IYQjJX3AgF8wquYLbQ/o.jpg"], "review_count": 1, "price": "$$", "term": "hotels", "url": "https://www.yelp.com/biz/backpackers-inn-adelaide?adjust_creative=92p07_JjKyriZTQxAXRiKQ&utm_campaign=yelp_api_v3&utm_medium=api_v3_business_lookup&utm_source=92p07_JjKyriZTQxAXRiKQ", "categories": [{"title": "Hostels", "alias": "hostels"}], "image_url": "https://s3-media2.fl.yelpcdn.com/bphoto/MAtAG9BF6_YHOpCoxnWoNA/o.jpg", "is_closed": false, "phone": "", "location": {"address3": "", "zip_code": "5000", "address1": "112 Carrington Street", "state": "SA", "city": "Adelaide", "address2": "", "country": "AU"}, "name": "Backpacker's Inn"}