{"price": "\u00a3", "rating": 3.5, "coordinates": {"longitude": -2.930571, "latitude": 53.3907464}, "is_claimed": false, "hours": [{"is_open_now": false, "open": [{"is_overnight": false, "day": 0, "end": "2300", "start": "0900"}, {"is_overnight": false, "day": 1, "end": "2300", "start": "0900"}, {"is_overnight": false, "day": 2, "end": "2300", "start": "0900"}, {"is_overnight": false, "day": 3, "end": "2300", "start": "0900"}, {"is_overnight": false, "day": 4, "end": "2300", "start": "0900"}, {"is_overnight": false, "day": 5, "end": "2300", "start": "1000"}, {"is_overnight": false, "day": 6, "end": "2300", "start": "1000"}], "hours_type": "REGULAR"}], "photos": ["https://s3-media2.fl.yelpcdn.com/bphoto/uyjaKHsLiWdLu4R7P39Nkw/o.jpg", "https://s3-media2.fl.yelpcdn.com/bphoto/i_s9aJnlj_8_HjN_h57blQ/o.jpg", "https://s3-media4.fl.yelpcdn.com/bphoto/dwMJGs_Qxs7908T_bK1RlA/o.jpg"], "review_count": 5, "id": "babylon-grill-cafe-liverpool", "term": "restaurants", "url": "https://www.yelp.com/biz/babylon-grill-cafe-liverpool?adjust_creative=92p07_JjKyriZTQxAXRiKQ&utm_campaign=yelp_api_v3&utm_medium=api_v3_business_lookup&utm_source=92p07_JjKyriZTQxAXRiKQ", "categories": [{"alias": "coffee", "title": "Coffee & Tea"}, {"alias": "breakfast_brunch", "title": "Breakfast & Brunch"}, {"alias": "pizza", "title": "Pizza"}], "location": {"address3": "", "zip_code": "L15 3JL", "address1": "417 Smithdown Rd", "state": "XMS", "city": "Liverpool", "address2": "", "country": "GB"}, "is_closed": false, "phone": "+441517338989", "image_url": "https://s3-media2.fl.yelpcdn.com/bphoto/uyjaKHsLiWdLu4R7P39Nkw/o.jpg", "name": "Babylon Grill Cafe"}