{"id": "australian-capital-motor-inn-lyneham", "rating": 0.0, "coordinates": {"longitude": 149.1270447, "latitude": -35.2449684}, "is_claimed": false, "photos": [], "review_count": 0, "term": "hotels", "url": "https://www.yelp.com/biz/australian-capital-motor-inn-lyneham?adjust_creative=92p07_JjKyriZTQxAXRiKQ&utm_campaign=yelp_api_v3&utm_medium=api_v3_business_lookup&utm_source=92p07_JjKyriZTQxAXRiKQ", "categories": [{"alias": "hotels", "title": "Hotels"}], "location": {"address3": null, "zip_code": "2602", "address1": "193 Mouat St", "address2": null, "city": "Lyneham", "state": "ACT", "country": "AU"}, "is_closed": false, "phone": "+61262578133", "image_url": "", "name": "Australian Capital Motor Inn"}