{"price": "\u00a3", "rating": 4.5, "coordinates": {"longitude": -3.01986, "latitude": 53.4706116}, "is_claimed": false, "photos": ["https://s3-media1.fl.yelpcdn.com/bphoto/DQ-tGTSVXyyBE9NSewDt9g/o.jpg", "https://s3-media2.fl.yelpcdn.com/bphoto/t2_V71Mbt3H1nsjpbhvhyw/o.jpg", "https://s3-media3.fl.yelpcdn.com/bphoto/Nij2oTYBdy4yMNzJx-J3BQ/o.jpg"], "review_count": 21, "id": "another-place-liverpool", "term": "attractions", "url": "https://www.yelp.com/biz/another-place-liverpool?adjust_creative=92p07_JjKyriZTQxAXRiKQ&utm_campaign=yelp_api_v3&utm_medium=api_v3_business_lookup&utm_source=92p07_JjKyriZTQxAXRiKQ", "categories": [{"title": "Beaches", "alias": "beaches"}], "image_url": "https://s3-media2.fl.yelpcdn.com/bphoto/DQ-tGTSVXyyBE9NSewDt9g/o.jpg", "is_closed": false, "phone": "", "location": {"address3": "", "zip_code": "", "address1": "Crosby Beach", "address2": "Crosby", "city": "Liverpool", "state": "XMS", "country": "GB"}, "name": "Another Place"}