{"id": "arena-convention-centre-liverpool", "rating": 5.0, "coordinates": {"longitude": -2.9935801, "latitude": 53.4048996}, "is_claimed": false, "photos": [], "review_count": 1, "term": "attractions", "url": "https://www.yelp.com/biz/arena-convention-centre-liverpool?adjust_creative=92p07_JjKyriZTQxAXRiKQ&utm_campaign=yelp_api_v3&utm_medium=api_v3_business_lookup&utm_source=92p07_JjKyriZTQxAXRiKQ", "categories": [{"title": "Landmarks & Historical Buildings", "alias": "landmarks"}], "image_url": "", "is_closed": false, "phone": "", "location": {"address3": "", "zip_code": "L3 4FP", "address1": "The Strand", "address2": "", "city": "Liverpool", "state": "LIV", "country": "GB"}, "name": "Arena Convention Centre"}