{"id": "attractive-openings-mascot", "rating": 0.0, "coordinates": {"longitude": 151.1969147, "latitude": -33.9334984}, "is_claimed": false, "photos": [], "review_count": 0, "term": "attractions", "url": "https://www.yelp.com/biz/attractive-openings-mascot?adjust_creative=92p07_JjKyriZTQxAXRiKQ&utm_campaign=yelp_api_v3&utm_medium=api_v3_business_lookup&utm_source=92p07_JjKyriZTQxAXRiKQ", "categories": [], "location": {"address3": null, "zip_code": "2020", "address1": "66 Alfred St", "address2": null, "city": "Mascot", "state": "NSW", "country": "AU"}, "is_closed": false, "phone": "+61296932838", "image_url": "", "name": "Attractive Openings"}