{"id": "antique-limousine-boston", "rating": 5.0, "coordinates": {"longitude": -71.0520415, "latitude": 42.3617536}, "is_claimed": true, "hours": [{"is_open_now": false, "open": [{"is_overnight": false, "end": "1800", "start": "0900", "day": 0}, {"is_overnight": false, "end": "1800", "start": "0900", "day": 1}, {"is_overnight": false, "end": "1800", "start": "0900", "day": 2}, {"is_overnight": false, "end": "1800", "start": "0900", "day": 3}, {"is_overnight": false, "end": "1800", "start": "0900", "day": 4}, {"is_overnight": false, "end": "1800", "start": "0900", "day": 5}, {"is_overnight": false, "end": "1800", "start": "0900", "day": 6}], "hours_type": "REGULAR"}], "photos": ["https://s3-media1.fl.yelpcdn.com/bphoto/wTosmRgb4p_bHZ9A3Qsvig/o.jpg", "https://s3-media1.fl.yelpcdn.com/bphoto/8Dv4rRcycGhKhD4C6DeGoQ/o.jpg", "https://s3-media4.fl.yelpcdn.com/bphoto/2LXEyCBnT0baw3ZdSso5tw/o.jpg"], "review_count": 4, "term": "attractions", "url": "https://www.yelp.com/biz/antique-limousine-boston?adjust_creative=92p07_JjKyriZTQxAXRiKQ&utm_campaign=yelp_api_v3&utm_medium=api_v3_business_lookup&utm_source=92p07_JjKyriZTQxAXRiKQ", "categories": [{"title": "Tours", "alias": "tours"}, {"title": "Limos", "alias": "limos"}], "image_url": "https://s3-media4.fl.yelpcdn.com/bphoto/wTosmRgb4p_bHZ9A3Qsvig/o.jpg", "is_closed": false, "phone": "+16173096414", "location": {"address3": "", "zip_code": "02110", "address1": "111 Atlantic Ave", "address2": "No. 324", "city": "Boston", "state": "MA", "country": "US"}, "name": "Antique Limousine"}