{"id": "b-spoke-indoor-cycling-studio-boston-3", "rating": 4.5, "coordinates": {"longitude": -71.0565307214264, "latitude": 42.3550428706603}, "is_claimed": true, "hours": [{"is_open_now": false, "open": [{"is_overnight": false, "end": "2100", "start": "0600", "day": 0}, {"is_overnight": false, "end": "2100", "start": "0500", "day": 1}, {"is_overnight": false, "end": "2100", "start": "0500", "day": 2}, {"is_overnight": false, "end": "2100", "start": "0500", "day": 3}, {"is_overnight": false, "end": "2100", "start": "0600", "day": 4}, {"is_overnight": false, "end": "1500", "start": "0800", "day": 5}, {"is_overnight": false, "end": "1300", "start": "0900", "day": 6}], "hours_type": "REGULAR"}], "photos": ["https://s3-media3.fl.yelpcdn.com/bphoto/kYBDQNfEyQtNVqBkCmL5Jg/o.jpg", "https://s3-media1.fl.yelpcdn.com/bphoto/NCp28DgqcTzmZ6Bz0Usv4w/o.jpg", "https://s3-media2.fl.yelpcdn.com/bphoto/565Xyhm6jtQHKSrlJKlVTQ/o.jpg"], "review_count": 88, "term": "attractions", "url": "https://www.yelp.com/biz/b-spoke-indoor-cycling-studio-boston-3?adjust_creative=92p07_JjKyriZTQxAXRiKQ&utm_campaign=yelp_api_v3&utm_medium=api_v3_business_lookup&utm_source=92p07_JjKyriZTQxAXRiKQ", "categories": [{"title": "Cycling Classes", "alias": "cyclingclasses"}, {"title": "Gyms", "alias": "gyms"}], "image_url": "https://s3-media3.fl.yelpcdn.com/bphoto/kYBDQNfEyQtNVqBkCmL5Jg/o.jpg", "is_closed": false, "phone": "+16179519900", "location": {"address3": "", "zip_code": "02110", "address1": "101 Federal St", "address2": "", "city": "Boston", "state": "MA", "country": "US"}, "name": "B/SPOKE Indoor Cycling Studio"}