{"id": "baa-5k-boston-2", "rating": 3.0, "coordinates": {"longitude": -71.0772934, "latitude": 42.3501015}, "is_claimed": false, "photos": ["https://s3-media2.fl.yelpcdn.com/bphoto/NP52kiaHaFNSLfnXYXunkQ/o.jpg", "https://s3-media2.fl.yelpcdn.com/bphoto/98OGBq1DfDfYOsRDwkT-bw/o.jpg"], "review_count": 2, "term": "attractions", "url": "https://www.yelp.com/biz/baa-5k-boston-2?adjust_creative=92p07_JjKyriZTQxAXRiKQ&utm_campaign=yelp_api_v3&utm_medium=api_v3_business_lookup&utm_source=92p07_JjKyriZTQxAXRiKQ", "categories": [{"title": "Races & Competitions", "alias": "races"}], "image_url": "https://s3-media3.fl.yelpcdn.com/bphoto/NP52kiaHaFNSLfnXYXunkQ/o.jpg", "is_closed": false, "phone": "+16172361652", "location": {"address3": "", "zip_code": "02116", "address1": "Boylston St. at Copley Square Fountain", "address2": "", "city": "Boston", "state": "MA", "country": "US"}, "name": "BAA 5k"}