{"id": "back-bay-mbta-station-boston", "rating": 2.5, "coordinates": {"longitude": -71.07495, "latitude": 42.34744}, "is_claimed": false, "photos": ["https://s3-media3.fl.yelpcdn.com/bphoto/xmxURwvIVgfhR1MYNMbumg/o.jpg", "https://s3-media2.fl.yelpcdn.com/bphoto/sLs8wzrYbbPdwCFSMThECw/o.jpg", "https://s3-media2.fl.yelpcdn.com/bphoto/pAKgoN7KGg8we5zbZ4XD7Q/o.jpg"], "review_count": 63, "term": "attractions", "url": "https://www.yelp.com/biz/back-bay-mbta-station-boston?adjust_creative=92p07_JjKyriZTQxAXRiKQ&utm_campaign=yelp_api_v3&utm_medium=api_v3_business_lookup&utm_source=92p07_JjKyriZTQxAXRiKQ", "categories": [{"alias": "publictransport", "title": "Public Transportation"}, {"alias": "trainstations", "title": "Train Stations"}], "location": {"address3": "", "zip_code": "02116", "address1": "145 Dartmouth St", "state": "MA", "city": "Boston", "address2": "", "country": "US"}, "is_closed": false, "phone": "+18003926100", "image_url": "https://s3-media1.fl.yelpcdn.com/bphoto/xmxURwvIVgfhR1MYNMbumg/o.jpg", "name": "Back Bay MBTA Station"}