{"id": "arts-sa-adelaide", "rating": 2.5, "coordinates": {"longitude": 138.602374611473, "latitude": -34.9283396714342}, "is_claimed": false, "hours": [{"is_open_now": false, "open": [{"is_overnight": false, "day": 0, "start": "0900", "end": "1700"}, {"is_overnight": false, "day": 1, "start": "0900", "end": "1700"}, {"is_overnight": false, "day": 2, "start": "0900", "end": "1700"}, {"is_overnight": false, "day": 3, "start": "0900", "end": "1700"}, {"is_overnight": false, "day": 4, "start": "0900", "end": "1700"}], "hours_type": "REGULAR"}], "photos": ["https://s3-media2.fl.yelpcdn.com/bphoto/1vFInQyzOCpjnBsJi5tEfA/o.jpg", "https://s3-media2.fl.yelpcdn.com/bphoto/ZGG0sS3kPZFOwUJ_x5Whxg/o.jpg", "https://s3-media1.fl.yelpcdn.com/bphoto/4dH9R9-V-Ko4p6Zp1zBu3g/o.jpg"], "review_count": 2, "term": "attractions", "url": "https://www.yelp.com/biz/arts-sa-adelaide?adjust_creative=92p07_JjKyriZTQxAXRiKQ&utm_campaign=yelp_api_v3&utm_medium=api_v3_business_lookup&utm_source=92p07_JjKyriZTQxAXRiKQ", "categories": [{"alias": "culturalcenter", "title": "Cultural Center"}], "location": {"address3": "", "zip_code": "5000", "address1": "Level 16,  Wakefield House", "address2": "30 Wakefield St", "city": "Adelaide", "state": "SA", "country": "AU"}, "is_closed": false, "phone": "+61884635444", "image_url": "https://s3-media4.fl.yelpcdn.com/bphoto/1vFInQyzOCpjnBsJi5tEfA/o.jpg", "name": "Arts SA"}