{"id": "bar-open-fitzroy", "rating": 3.5, "coordinates": {"longitude": 144.9783783, "latitude": -37.7976494}, "is_claimed": false, "photos": ["https://s3-media4.fl.yelpcdn.com/bphoto/E7uopFQK4tsUfLZGIkeZxA/o.jpg", "https://s3-media2.fl.yelpcdn.com/bphoto/_hd3L7HnJBh0qMt-iZkOwA/o.jpg", "https://s3-media2.fl.yelpcdn.com/bphoto/XVh3qrG1DugjE5K9myxspA/o.jpg"], "review_count": 20, "price": "$$", "term": "attractions", "url": "https://www.yelp.com/biz/bar-open-fitzroy?adjust_creative=92p07_JjKyriZTQxAXRiKQ&utm_campaign=yelp_api_v3&utm_medium=api_v3_business_lookup&utm_source=92p07_JjKyriZTQxAXRiKQ", "categories": [{"title": "Music Venues", "alias": "musicvenues"}, {"title": "Bars", "alias": "bars"}], "image_url": "https://s3-media2.fl.yelpcdn.com/bphoto/E7uopFQK4tsUfLZGIkeZxA/o.jpg", "is_closed": false, "phone": "+61394159601", "location": {"address3": null, "zip_code": "3065", "address1": "317 Brunswick St", "state": "VIC", "city": "Fitzroy", "address2": null, "country": "AU"}, "name": "Bar Open"}