{"id": "apple-jacks-adventure-park-warrington", "rating": 4.0, "coordinates": {"longitude": -2.5527599, "latitude": 53.3466606}, "is_claimed": false, "photos": ["https://s3-media1.fl.yelpcdn.com/bphoto/MvlCg2AHqDpsYSUFCOqj8Q/o.jpg"], "review_count": 4, "price": "\u00a3", "term": "attractions", "url": "https://www.yelp.com/biz/apple-jacks-adventure-park-warrington?adjust_creative=92p07_JjKyriZTQxAXRiKQ&utm_campaign=yelp_api_v3&utm_medium=api_v3_business_lookup&utm_source=92p07_JjKyriZTQxAXRiKQ", "categories": [{"alias": "amusementparks", "title": "Amusement Parks"}], "location": {"address3": "", "zip_code": "WA4 4NW", "address1": "Stretton Road", "address2": "", "city": "Warrington", "state": "CHE", "country": "GB"}, "is_closed": false, "phone": "+441925268495", "image_url": "https://s3-media2.fl.yelpcdn.com/bphoto/MvlCg2AHqDpsYSUFCOqj8Q/o.jpg", "name": "Apple Jacks Adventure Park"}