{"price": "$$", "rating": 4.0, "coordinates": {"longitude": 151.2084529, "latitude": -33.8603448}, "is_claimed": true, "hours": [{"is_open_now": true, "open": [{"is_overnight": false, "day": 0, "end": "2300", "start": "1100"}, {"is_overnight": false, "day": 1, "end": "2300", "start": "1100"}, {"is_overnight": false, "day": 2, "end": "2300", "start": "1100"}, {"is_overnight": false, "day": 3, "end": "2300", "start": "1100"}, {"is_overnight": false, "day": 4, "end": "2300", "start": "1100"}, {"is_overnight": false, "day": 5, "end": "2300", "start": "1100"}, {"is_overnight": false, "day": 6, "end": "2300", "start": "1100"}], "hours_type": "REGULAR"}], "photos": ["https://s3-media2.fl.yelpcdn.com/bphoto/weX1-d6xz9XPVZvbrqKSqg/o.jpg", "https://s3-media4.fl.yelpcdn.com/bphoto/XQu5oPop-GzYGRqt7jl0Ag/o.jpg", "https://s3-media3.fl.yelpcdn.com/bphoto/zT-CoGuX97lGS4j6SSqSjA/o.jpg"], "review_count": 46, "id": "appetito-the-rocks-2", "term": "restaurants", "url": "https://www.yelp.com/biz/appetito-the-rocks-2?adjust_creative=92p07_JjKyriZTQxAXRiKQ&utm_campaign=yelp_api_v3&utm_medium=api_v3_business_lookup&utm_source=92p07_JjKyriZTQxAXRiKQ", "categories": [{"alias": "italian", "title": "Italian"}, {"alias": "bars", "title": "Bars"}, {"alias": "pizza", "title": "Pizza"}], "location": {"address3": "", "zip_code": "2000", "address1": "100 George St", "state": "NSW", "city": "The Rocks", "address2": "", "country": "AU"}, "is_closed": false, "phone": "+61292471920", "image_url": "https://s3-media1.fl.yelpcdn.com/bphoto/weX1-d6xz9XPVZvbrqKSqg/o.jpg", "name": "Appetito"}