{"id": "ars-magna-studio-boston-6", "rating": 4.5, "coordinates": {"longitude": -71.051062, "latitude": 42.345686}, "is_claimed": true, "hours": [{"is_open_now": false, "open": [{"is_overnight": false, "end": "1700", "start": "1000", "day": 0}, {"is_overnight": false, "end": "1700", "start": "1000", "day": 1}, {"is_overnight": false, "end": "1700", "start": "1000", "day": 2}, {"is_overnight": false, "end": "1500", "start": "1000", "day": 3}, {"is_overnight": false, "end": "1500", "start": "1000", "day": 4}], "hours_type": "REGULAR"}], "photos": ["https://s3-media3.fl.yelpcdn.com/bphoto/UnPT68ozX-ELKnvCftx2jw/o.jpg", "https://s3-media3.fl.yelpcdn.com/bphoto/EObaurvt1kLHNNLZFL133g/o.jpg", "https://s3-media2.fl.yelpcdn.com/bphoto/nT3GuakIGqBwU7xthohSlw/o.jpg"], "review_count": 12, "term": "attractions", "url": "https://www.yelp.com/biz/ars-magna-studio-boston-6?adjust_creative=92p07_JjKyriZTQxAXRiKQ&utm_campaign=yelp_api_v3&utm_medium=api_v3_business_lookup&utm_source=92p07_JjKyriZTQxAXRiKQ", "categories": [{"title": "Event Photography", "alias": "eventphotography"}, {"title": "Session Photography", "alias": "sessionphotography"}], "image_url": "https://s3-media4.fl.yelpcdn.com/bphoto/UnPT68ozX-ELKnvCftx2jw/o.jpg", "is_closed": false, "phone": "+16179421449", "location": {"address3": "", "zip_code": "02210", "address1": "15 Channel Center St", "address2": "#601", "city": "Boston", "state": "MA", "country": "US"}, "name": "Ars Magna Studio"}