{"id": "artsemerson-the-world-on-stage-boston", "rating": 3.0, "coordinates": {"longitude": -71.0623666, "latitude": 42.3537112}, "is_claimed": true, "hours": [{"is_open_now": false, "open": [{"is_overnight": false, "end": "1800", "start": "1000", "day": 1}, {"is_overnight": false, "end": "1800", "start": "1000", "day": 2}, {"is_overnight": false, "end": "1800", "start": "1000", "day": 3}, {"is_overnight": false, "end": "1800", "start": "1000", "day": 4}, {"is_overnight": false, "end": "1800", "start": "1000", "day": 5}], "hours_type": "REGULAR"}], "photos": ["https://s3-media4.fl.yelpcdn.com/bphoto/kyfOGIAUvC_zHHzopHbIsg/o.jpg", "https://s3-media2.fl.yelpcdn.com/bphoto/NeC18DpF0tauGGQfAIHwYQ/o.jpg", "https://s3-media1.fl.yelpcdn.com/bphoto/0k2xuLJBwbE-0Qv2jM1kOA/o.jpg"], "review_count": 7, "term": "attractions", "url": "https://www.yelp.com/biz/artsemerson-the-world-on-stage-boston?adjust_creative=92p07_JjKyriZTQxAXRiKQ&utm_campaign=yelp_api_v3&utm_medium=api_v3_business_lookup&utm_source=92p07_JjKyriZTQxAXRiKQ", "categories": [{"title": "Performing Arts", "alias": "theater"}], "image_url": "https://s3-media4.fl.yelpcdn.com/bphoto/kyfOGIAUvC_zHHzopHbIsg/o.jpg", "is_closed": false, "phone": "+16178248000", "location": {"address3": "", "zip_code": "02111", "address1": "559 Washington St", "address2": null, "city": "Boston", "state": "MA", "country": "US"}, "name": "ArtsEmerson: The World On Stage"}