{"price": "$$", "rating": 5.0, "coordinates": {"longitude": -71.05406, "latitude": 42.35547}, "is_claimed": true, "hours": [{"is_open_now": true, "open": [{"is_overnight": false, "end": "2000", "start": "0900", "day": 0}, {"is_overnight": false, "end": "2000", "start": "0900", "day": 1}, {"is_overnight": false, "end": "2000", "start": "0900", "day": 2}, {"is_overnight": false, "end": "2000", "start": "0900", "day": 3}, {"is_overnight": false, "end": "2000", "start": "0900", "day": 4}, {"is_overnight": true, "end": "0200", "start": "0900", "day": 5}], "hours_type": "REGULAR"}], "photos": ["https://s3-media1.fl.yelpcdn.com/bphoto/UOoG4_N-s-AL6LPaZtocNA/o.jpg", "https://s3-media1.fl.yelpcdn.com/bphoto/Ert6UoiATNG8VwFINHt5Qg/o.jpg", "https://s3-media4.fl.yelpcdn.com/bphoto/AmCvXJplBbs4CIJCCuD3ug/o.jpg"], "review_count": 5, "id": "baku-sunset-boston-2", "term": "attractions", "url": "https://www.yelp.com/biz/baku-sunset-boston-2?adjust_creative=92p07_JjKyriZTQxAXRiKQ&utm_campaign=yelp_api_v3&utm_medium=api_v3_business_lookup&utm_source=92p07_JjKyriZTQxAXRiKQ", "categories": [{"title": "Party & Event Planning", "alias": "eventplanning"}], "image_url": "https://s3-media4.fl.yelpcdn.com/bphoto/UOoG4_N-s-AL6LPaZtocNA/o.jpg", "is_closed": false, "phone": "+16176420135", "location": {"address3": "", "zip_code": "02110", "address1": "", "address2": "", "city": "Boston", "state": "MA", "country": "US"}, "name": "Baku Sunset"}