{"id": "banner-shop-leichhardt-2", "rating": 1.0, "coordinates": {"longitude": 151.1491699, "latitude": -33.8896675}, "is_claimed": false, "photos": ["https://s3-media1.fl.yelpcdn.com/bphoto/hLvf7pddZcDzrSyHiclRrQ/o.jpg", "https://s3-media2.fl.yelpcdn.com/bphoto/qPGqWyGrrHFOuEQl2HF_Cw/o.jpg", "https://s3-media1.fl.yelpcdn.com/bphoto/KdIAqaZqmeA3A2tKpljlIA/o.jpg"], "review_count": 1, "term": "attractions", "url": "https://www.yelp.com/biz/banner-shop-leichhardt-2?adjust_creative=92p07_JjKyriZTQxAXRiKQ&utm_campaign=yelp_api_v3&utm_medium=api_v3_business_lookup&utm_source=92p07_JjKyriZTQxAXRiKQ", "categories": [], "location": {"address3": null, "zip_code": "2040", "address1": "635 Parramatta Rd", "address2": null, "city": "Leichhardt", "state": "NSW", "country": "AU"}, "is_closed": false, "phone": "+61295162228", "image_url": "https://s3-media2.fl.yelpcdn.com/bphoto/hLvf7pddZcDzrSyHiclRrQ/o.jpg", "name": "Banner Shop"}