{"id": "asian-noodle-house-phillip", "rating": 4.0, "coordinates": {"longitude": 149.084153139523, "latitude": -35.3402586686952}, "is_claimed": false, "hours": [{"is_open_now": false, "open": [{"is_overnight": false, "end": "1430", "start": "1130", "day": 0}, {"is_overnight": false, "end": "2200", "start": "1730", "day": 0}, {"is_overnight": false, "end": "1430", "start": "1130", "day": 1}, {"is_overnight": false, "end": "2200", "start": "1730", "day": 1}, {"is_overnight": false, "end": "1430", "start": "1130", "day": 2}, {"is_overnight": false, "end": "2200", "start": "1730", "day": 2}, {"is_overnight": false, "end": "1430", "start": "1130", "day": 3}, {"is_overnight": false, "end": "2200", "start": "1730", "day": 3}, {"is_overnight": false, "end": "1430", "start": "1130", "day": 4}, {"is_overnight": false, "end": "2200", "start": "1730", "day": 4}, {"is_overnight": false, "end": "1430", "start": "1130", "day": 5}, {"is_overnight": false, "end": "2200", "start": "1730", "day": 5}], "hours_type": "REGULAR"}], "photos": ["https://s3-media4.fl.yelpcdn.com/bphoto/Hd4DssyJtyJO-2OQfe2H0w/o.jpg"], "review_count": 2, "term": "restaurants", "url": "https://www.yelp.com/biz/asian-noodle-house-phillip?adjust_creative=92p07_JjKyriZTQxAXRiKQ&utm_campaign=yelp_api_v3&utm_medium=api_v3_business_lookup&utm_source=92p07_JjKyriZTQxAXRiKQ", "categories": [{"title": "Noodles", "alias": "noodles"}], "image_url": "https://s3-media3.fl.yelpcdn.com/bphoto/Hd4DssyJtyJO-2OQfe2H0w/o.jpg", "is_closed": false, "phone": "+6162817001", "location": {"address3": "", "zip_code": "2606", "address1": "6 Launceston St", "address2": "", "city": "Phillip", "state": "ACT", "country": "AU"}, "name": "Asian Noodle House"}