{"id": "asana-by-pete-evans-cafe-brisbane", "rating": 4.0, "coordinates": {"longitude": 153.0274963, "latitude": -27.472147}, "is_claimed": false, "hours": [{"is_open_now": true, "open": [{"is_overnight": false, "end": "1800", "day": 0, "start": "0630"}, {"is_overnight": false, "end": "1800", "day": 1, "start": "0630"}, {"is_overnight": false, "end": "1800", "day": 2, "start": "0630"}, {"is_overnight": false, "end": "1800", "day": 3, "start": "0630"}, {"is_overnight": false, "end": "1800", "day": 4, "start": "0630"}, {"is_overnight": false, "end": "1800", "day": 5, "start": "0630"}, {"is_overnight": false, "end": "1800", "day": 6, "start": "0630"}], "hours_type": "REGULAR"}], "photos": ["https://s3-media3.fl.yelpcdn.com/bphoto/1uZfFF6m81-e7Ak_ms8ZlA/o.jpg", "https://s3-media3.fl.yelpcdn.com/bphoto/M3DM1eN6GtcRsNgXDkKClA/o.jpg", "https://s3-media3.fl.yelpcdn.com/bphoto/3OmjofdLOXGzecjyKevrNA/o.jpg"], "review_count": 7, "price": "$$$", "term": "restaurants", "url": "https://www.yelp.com/biz/asana-by-pete-evans-cafe-brisbane?adjust_creative=92p07_JjKyriZTQxAXRiKQ&utm_campaign=yelp_api_v3&utm_medium=api_v3_business_lookup&utm_source=92p07_JjKyriZTQxAXRiKQ", "categories": [{"title": "Cafes", "alias": "cafes"}, {"title": "Australian", "alias": "australian"}], "location": {"address3": "", "zip_code": "4000", "address1": "80 Albert St", "address2": "", "city": "Brisbane", "state": "QLD", "country": "AU"}, "is_closed": false, "phone": "+61730130088", "image_url": "https://s3-media2.fl.yelpcdn.com/bphoto/1uZfFF6m81-e7Ak_ms8ZlA/o.jpg", "name": "Asana by Pete Evans Cafe"}