{"price": "$$$", "rating": 4.0, "coordinates": {"longitude": 153.0305023, "latitude": -27.4657955}, "is_claimed": true, "hours": [{"is_open_now": false, "open": [{"is_overnight": false, "day": 0, "start": "0600", "end": "1700"}, {"is_overnight": false, "day": 1, "start": "0600", "end": "1700"}, {"is_overnight": false, "day": 2, "start": "0600", "end": "1700"}, {"is_overnight": false, "day": 3, "start": "0600", "end": "2200"}, {"is_overnight": false, "day": 4, "start": "0600", "end": "0000"}, {"is_overnight": false, "day": 5, "start": "1200", "end": "0000"}], "hours_type": "REGULAR"}], "photos": ["https://s3-media2.fl.yelpcdn.com/bphoto/OL5DxhXh9ZXyegZ2AFKbLw/o.jpg", "https://s3-media1.fl.yelpcdn.com/bphoto/hWcCfdQv5GL3Zlrkqi_lqA/o.jpg", "https://s3-media1.fl.yelpcdn.com/bphoto/3LweMLQeQ02WkO3ml3Know/o.jpg"], "review_count": 9, "id": "bar-pacino-brisbane", "term": "restaurants", "url": "https://www.yelp.com/biz/bar-pacino-brisbane?adjust_creative=92p07_JjKyriZTQxAXRiKQ&utm_campaign=yelp_api_v3&utm_medium=api_v3_business_lookup&utm_source=92p07_JjKyriZTQxAXRiKQ", "categories": [{"alias": "bars", "title": "Bars"}, {"alias": "italian", "title": "Italian"}], "location": {"address3": "", "zip_code": "4000", "address1": "175 Eagle St", "address2": "", "city": "Brisbane", "state": "QLD", "country": "AU"}, "is_closed": false, "phone": "+61732212397", "image_url": "https://s3-media4.fl.yelpcdn.com/bphoto/OL5DxhXh9ZXyegZ2AFKbLw/o.jpg", "name": "Bar Pacino"}