{"id": "angels-and-gypsies-london", "rating": 4.5, "coordinates": {"longitude": -0.0902611, "latitude": 51.4740486}, "is_claimed": true, "hours": [{"is_open_now": false, "open": [{"is_overnight": false, "day": 0, "start": "1200", "end": "1500"}, {"is_overnight": false, "day": 0, "start": "1800", "end": "2200"}, {"is_overnight": false, "day": 1, "start": "1200", "end": "1500"}, {"is_overnight": false, "day": 1, "start": "1800", "end": "2200"}, {"is_overnight": false, "day": 2, "start": "1200", "end": "1500"}, {"is_overnight": false, "day": 2, "start": "1800", "end": "2200"}, {"is_overnight": false, "day": 3, "start": "1200", "end": "1500"}, {"is_overnight": false, "day": 3, "start": "1800", "end": "2200"}, {"is_overnight": false, "day": 4, "start": "1200", "end": "1500"}, {"is_overnight": false, "day": 4, "start": "1800", "end": "2230"}, {"is_overnight": false, "day": 5, "start": "1200", "end": "1500"}, {"is_overnight": false, "day": 5, "start": "1800", "end": "2230"}, {"is_overnight": false, "day": 6, "start": "1200", "end": "1600"}, {"is_overnight": false, "day": 6, "start": "1800", "end": "2200"}], "hours_type": "REGULAR"}], "photos": ["https://s3-media1.fl.yelpcdn.com/bphoto/2Du_OLuJADZ9MXkFOuEYwA/o.jpg", "https://s3-media2.fl.yelpcdn.com/bphoto/kFuoyPcSgVr3tpGRa6CFTg/o.jpg", "https://s3-media1.fl.yelpcdn.com/bphoto/lGOP_NSSiAnAIfQ25tbysg/o.jpg"], "review_count": 27, "price": "\u00a3\u00a3", "term": "restaurants", "url": "https://www.yelp.com/biz/angels-and-gypsies-london?adjust_creative=92p07_JjKyriZTQxAXRiKQ&utm_campaign=yelp_api_v3&utm_medium=api_v3_business_lookup&utm_source=92p07_JjKyriZTQxAXRiKQ", "categories": [{"alias": "spanish", "title": "Spanish"}, {"alias": "tapasmallplates", "title": "Tapas/Small Plates"}], "location": {"address3": "Camberwell", "zip_code": "SE5 8TR", "address1": "Church Street Hotel", "address2": "29-33 Camberwell Church Street", "city": "London", "state": "XGL", "country": "GB"}, "is_closed": false, "phone": "+442077035984", "image_url": "https://s3-media1.fl.yelpcdn.com/bphoto/2Du_OLuJADZ9MXkFOuEYwA/o.jpg", "name": "Angels & Gypsies"}