{"price": "\u00a3\u00a3", "rating": 4.0, "coordinates": {"longitude": -0.1380047, "latitude": 51.5337843}, "is_claimed": false, "hours": [{"is_open_now": false, "open": [{"is_overnight": false, "end": "2330", "start": "1800", "day": 0}, {"is_overnight": false, "end": "2330", "start": "1800", "day": 1}, {"is_overnight": false, "end": "2330", "start": "1800", "day": 2}, {"is_overnight": false, "end": "2330", "start": "1800", "day": 3}, {"is_overnight": false, "end": "2330", "start": "1800", "day": 4}, {"is_overnight": false, "end": "2300", "start": "1800", "day": 5}], "hours_type": "REGULAR"}], "photos": ["https://s3-media1.fl.yelpcdn.com/bphoto/Mro3492BIiI70mlC_raYyw/o.jpg", "https://s3-media2.fl.yelpcdn.com/bphoto/rBFpN__PJgoigGN16qQzwQ/o.jpg", "https://s3-media2.fl.yelpcdn.com/bphoto/8ZTDiI03WGWs1hV_TP5fSg/o.jpg"], "review_count": 93, "id": "asakusa-london", "term": "restaurants", "url": "https://www.yelp.com/biz/asakusa-london?adjust_creative=92p07_JjKyriZTQxAXRiKQ&utm_campaign=yelp_api_v3&utm_medium=api_v3_business_lookup&utm_source=92p07_JjKyriZTQxAXRiKQ", "categories": [{"title": "Japanese", "alias": "japanese"}], "image_url": "https://s3-media4.fl.yelpcdn.com/bphoto/Mro3492BIiI70mlC_raYyw/o.jpg", "is_closed": false, "phone": "+442073888533", "location": {"address3": "", "zip_code": "NW1 1BA", "address1": "265 Eversholt Street", "address2": "", "city": "London", "state": "XGL", "country": "GB"}, "name": "Asakusa"}