{"price": "\u00a3\u00a3", "rating": 4.0, "coordinates": {"longitude": -0.143766, "latitude": 51.497974}, "is_claimed": true, "hours": [{"is_open_now": false, "open": [{"is_overnight": false, "end": "2300", "start": "0900", "day": 0}, {"is_overnight": false, "end": "2300", "start": "0900", "day": 1}, {"is_overnight": false, "end": "2300", "start": "0900", "day": 2}, {"is_overnight": false, "end": "2300", "start": "0900", "day": 3}, {"is_overnight": false, "end": "2300", "start": "0900", "day": 4}, {"is_overnight": false, "end": "2300", "start": "1200", "day": 5}, {"is_overnight": false, "end": "1700", "start": "1200", "day": 6}], "hours_type": "REGULAR"}], "photos": ["https://s3-media4.fl.yelpcdn.com/bphoto/X6jSj6j74wPsK0foL-SwTA/o.jpg", "https://s3-media1.fl.yelpcdn.com/bphoto/YyBiQTdLLm1rlLCM8v_D9g/o.jpg", "https://s3-media3.fl.yelpcdn.com/bphoto/KTthdiYFsf_PNyCXRhJIAQ/o.jpg"], "review_count": 43, "id": "b-bar-london", "term": "restaurants", "url": "https://www.yelp.com/biz/b-bar-london?adjust_creative=92p07_JjKyriZTQxAXRiKQ&utm_campaign=yelp_api_v3&utm_medium=api_v3_business_lookup&utm_source=92p07_JjKyriZTQxAXRiKQ", "categories": [{"title": "Bars", "alias": "bars"}, {"title": "American (Traditional)", "alias": "tradamerican"}], "image_url": "https://s3-media3.fl.yelpcdn.com/bphoto/X6jSj6j74wPsK0foL-SwTA/o.jpg", "is_closed": false, "phone": "+442079587000", "location": {"address3": "", "zip_code": "SW1W 0PP", "address1": "43 Buckingham Palace Road", "address2": "", "city": "London", "state": "XGL", "country": "GB"}, "name": "B Bar"}