{"price": "\u00a3\u00a3", "rating": 4.0, "coordinates": {"longitude": -0.1956639, "latitude": 51.4999833}, "is_claimed": true, "hours": [{"is_open_now": false, "open": [{"is_overnight": false, "day": 0, "end": "0000", "start": "0800"}, {"is_overnight": false, "day": 1, "end": "0000", "start": "0800"}, {"is_overnight": false, "day": 2, "end": "0000", "start": "0800"}, {"is_overnight": false, "day": 3, "end": "0000", "start": "0800"}, {"is_overnight": false, "day": 4, "end": "0000", "start": "0800"}, {"is_overnight": false, "day": 5, "end": "0000", "start": "0800"}, {"is_overnight": false, "day": 6, "end": "0000", "start": "0800"}], "hours_type": "REGULAR"}], "photos": ["https://s3-media4.fl.yelpcdn.com/bphoto/mes0sMRLy0gL6-zHcE6w3A/o.jpg", "https://s3-media3.fl.yelpcdn.com/bphoto/Ob8p9m8AIIlnVEaaZvU8aQ/o.jpg", "https://s3-media2.fl.yelpcdn.com/bphoto/v4tGuWsxmW5n8Cw749RgWQ/o.jpg"], "review_count": 63, "id": "balans-soho-society-london", "term": "restaurants", "url": "https://www.yelp.com/biz/balans-soho-society-london?adjust_creative=92p07_JjKyriZTQxAXRiKQ&utm_campaign=yelp_api_v3&utm_medium=api_v3_business_lookup&utm_source=92p07_JjKyriZTQxAXRiKQ", "categories": [{"alias": "breakfast_brunch", "title": "Breakfast & Brunch"}, {"alias": "british", "title": "British"}, {"alias": "cocktailbars", "title": "Cocktail Bars"}], "location": {"address3": "", "zip_code": "W8 6SH", "address1": "187 Kensington High Street", "state": "XGL", "city": "London", "address2": "", "country": "GB"}, "is_closed": false, "phone": "+442073760115", "image_url": "https://s3-media2.fl.yelpcdn.com/bphoto/mes0sMRLy0gL6-zHcE6w3A/o.jpg", "name": "Balans Soho Society"}