{"price": "\u00a3\u00a3\u00a3", "rating": 4.0, "coordinates": {"longitude": -0.1211722, "latitude": 51.5125198}, "is_claimed": true, "hours": [{"is_open_now": false, "open": [{"is_overnight": false, "day": 0, "start": "0730", "end": "0000"}, {"is_overnight": false, "day": 1, "start": "0730", "end": "0000"}, {"is_overnight": false, "day": 2, "start": "0730", "end": "0000"}, {"is_overnight": false, "day": 3, "start": "0730", "end": "0000"}, {"is_overnight": false, "day": 4, "start": "0730", "end": "0000"}, {"is_overnight": false, "day": 5, "start": "0900", "end": "0000"}, {"is_overnight": false, "day": 6, "start": "0900", "end": "2300"}], "hours_type": "REGULAR"}], "photos": ["https://s3-media3.fl.yelpcdn.com/bphoto/_mpqUVA8N5WOHRjfvjQ5XA/o.jpg", "https://s3-media4.fl.yelpcdn.com/bphoto/I_8ZFZnSp2q5bD6Jo4WKyw/o.jpg", "https://s3-media1.fl.yelpcdn.com/bphoto/S8vbQXksI7m2Uok0Un_dng/o.jpg"], "review_count": 110, "id": "balthazar-london", "term": "restaurants", "url": "https://www.yelp.com/biz/balthazar-london?adjust_creative=92p07_JjKyriZTQxAXRiKQ&utm_campaign=yelp_api_v3&utm_medium=api_v3_business_lookup&utm_source=92p07_JjKyriZTQxAXRiKQ", "categories": [{"alias": "french", "title": "French"}], "location": {"address3": "", "zip_code": "WC2B 5HZ", "address1": "4-6 Russell Street", "address2": "", "city": "London", "state": "XGL", "country": "GB"}, "is_closed": false, "phone": "+442033011155", "image_url": "https://s3-media4.fl.yelpcdn.com/bphoto/_mpqUVA8N5WOHRjfvjQ5XA/o.jpg", "name": "Balthazar"}