{"id": "australian-hotels-association-hobart", "rating": 0.0, "coordinates": {"longitude": 147.3351746, "latitude": -42.8869095}, "is_claimed": false, "photos": [], "review_count": 0, "term": "hotels", "url": "https://www.yelp.com/biz/australian-hotels-association-hobart?adjust_creative=92p07_JjKyriZTQxAXRiKQ&utm_campaign=yelp_api_v3&utm_medium=api_v3_business_lookup&utm_source=92p07_JjKyriZTQxAXRiKQ", "categories": [], "image_url": "", "is_closed": false, "phone": "+61362247033", "location": {"address3": null, "zip_code": "7000", "address1": "93 Salamanca Pl", "state": "TAS", "city": "Hobart", "address2": null, "country": "AU"}, "name": "Australian Hotels Association"}