{"id": "autorent-hertz-hobart", "rating": 0.0, "coordinates": {"longitude": 147.322525, "latitude": -42.8830109}, "is_claimed": true, "hours": [{"is_open_now": false, "open": [{"is_overnight": false, "day": 0, "end": "1700", "start": "0800"}, {"is_overnight": false, "day": 1, "end": "1700", "start": "0800"}, {"is_overnight": false, "day": 2, "end": "1700", "start": "0800"}, {"is_overnight": false, "day": 3, "end": "1700", "start": "0800"}, {"is_overnight": false, "day": 4, "end": "1700", "start": "0800"}, {"is_overnight": false, "day": 5, "end": "1700", "start": "0800"}, {"is_overnight": false, "day": 6, "end": "1700", "start": "0800"}], "hours_type": "REGULAR"}], "photos": ["https://s3-media4.fl.yelpcdn.com/bphoto/P4MF0ogbRbiDcrNLOLOGWA/o.jpg"], "review_count": 0, "term": "hotels", "url": "https://www.yelp.com/biz/autorent-hertz-hobart?adjust_creative=92p07_JjKyriZTQxAXRiKQ&utm_campaign=yelp_api_v3&utm_medium=api_v3_business_lookup&utm_source=92p07_JjKyriZTQxAXRiKQ", "categories": [{"alias": "carrental", "title": "Car Rental"}], "location": {"address3": "", "zip_code": "7000", "address1": "122 Harrington St", "state": "TAS", "city": "Hobart", "address2": "", "country": "AU"}, "is_closed": false, "phone": "+611300030222", "image_url": "https://s3-media1.fl.yelpcdn.com/bphoto/P4MF0ogbRbiDcrNLOLOGWA/o.jpg", "name": "AutoRent-Hertz"}