{"id": "backpackers-imperial-hotel-hobart", "rating": 0.0, "coordinates": {"longitude": 147.32827, "latitude": -42.8831599}, "is_claimed": false, "hours": [{"is_open_now": true, "open": [{"is_overnight": false, "day": 0, "start": "0800", "end": "2000"}, {"is_overnight": false, "day": 1, "start": "0800", "end": "2000"}, {"is_overnight": false, "day": 2, "start": "0800", "end": "2000"}, {"is_overnight": false, "day": 3, "start": "0800", "end": "2000"}, {"is_overnight": false, "day": 4, "start": "0800", "end": "2000"}, {"is_overnight": false, "day": 5, "start": "0800", "end": "2000"}, {"is_overnight": false, "day": 6, "start": "0800", "end": "2000"}], "hours_type": "REGULAR"}], "photos": [], "review_count": 0, "term": "hotels", "url": "https://www.yelp.com/biz/backpackers-imperial-hotel-hobart?adjust_creative=92p07_JjKyriZTQxAXRiKQ&utm_campaign=yelp_api_v3&utm_medium=api_v3_business_lookup&utm_source=92p07_JjKyriZTQxAXRiKQ", "categories": [{"alias": "hostels", "title": "Hostels"}], "location": {"address3": "", "zip_code": "7000", "address1": "138 Collins St", "address2": "", "city": "Hobart", "state": "TAS", "country": "AU"}, "is_closed": false, "phone": "+61362235215", "image_url": "", "name": "Backpackers Imperial Hotel"}