{"id": "aussie-settler-motel-queanbeyan", "rating": 0.0, "coordinates": {"longitude": 149.2424469, "latitude": -35.3488083}, "is_claimed": false, "photos": [], "review_count": 0, "term": "hotels", "url": "https://www.yelp.com/biz/aussie-settler-motel-queanbeyan?adjust_creative=92p07_JjKyriZTQxAXRiKQ&utm_campaign=yelp_api_v3&utm_medium=api_v3_business_lookup&utm_source=92p07_JjKyriZTQxAXRiKQ", "categories": [{"alias": "hotels", "title": "Hotels"}], "location": {"address3": null, "zip_code": "2620", "address1": "5 High St", "state": "NSW", "city": "Queanbeyan", "address2": null, "country": "AU"}, "is_closed": false, "phone": "+61262974711", "image_url": "", "name": "Aussie Settler Motel"}