{"id": "art-in-the-heart-the-rocks-the-rocks", "rating": 4.0, "coordinates": {"longitude": 151.2087555, "latitude": -33.8586884}, "is_claimed": false, "hours": [{"is_open_now": true, "open": [{"is_overnight": false, "day": 0, "end": "1900", "start": "1100"}, {"is_overnight": false, "day": 1, "end": "1900", "start": "1100"}, {"is_overnight": false, "day": 2, "end": "1900", "start": "1100"}, {"is_overnight": false, "day": 3, "end": "1900", "start": "1100"}, {"is_overnight": false, "day": 4, "end": "1900", "start": "1100"}, {"is_overnight": false, "day": 5, "end": "1900", "start": "1000"}, {"is_overnight": false, "day": 6, "end": "1900", "start": "1000"}], "hours_type": "REGULAR"}], "photos": ["https://s3-media4.fl.yelpcdn.com/bphoto/Pyi1fb56mIlPj8vIsmUT_g/o.jpg"], "review_count": 1, "term": "attractions", "url": "https://www.yelp.com/biz/art-in-the-heart-the-rocks-the-rocks?adjust_creative=92p07_JjKyriZTQxAXRiKQ&utm_campaign=yelp_api_v3&utm_medium=api_v3_business_lookup&utm_source=92p07_JjKyriZTQxAXRiKQ", "categories": [{"alias": "galleries", "title": "Art Galleries"}], "location": {"address3": "", "zip_code": "2000", "address1": "75 George Street", "state": "NSW", "city": "The Rocks", "address2": "", "country": "AU"}, "is_closed": false, "phone": "", "image_url": "https://s3-media1.fl.yelpcdn.com/bphoto/Pyi1fb56mIlPj8vIsmUT_g/o.jpg", "name": "Art In The Heart @ The Rocks"}