{"location": {"state": "AUK", "zip_code": "0600", "country": "NZ", "address3": "", "address2": "Blockhouse Bay", "address1": "578 Blockhouse Bay Road", "city": "Auckland"}, "term": "attractions", "url": "https://www.yelp.com/biz/armanasco-house-auckland?adjust_creative=92p07_JjKyriZTQxAXRiKQ&utm_campaign=yelp_api_v3&utm_medium=api_v3_business_lookup&utm_source=92p07_JjKyriZTQxAXRiKQ", "coordinates": {"latitude": -36.9242996, "longitude": 174.701879}, "id": "armanasco-house-auckland", "rating": 3.0, "photos": ["https://s3-media3.fl.yelpcdn.com/bphoto/U8AVdn3FwN4x27q4OEwNlg/o.jpg"], "is_closed": false, "review_count": 1, "categories": [{"alias": "landmarks", "title": "Landmarks & Historical Buildings"}, {"alias": "localflavor", "title": "Local Flavor"}, {"alias": "venues", "title": "Venues & Event Spaces"}], "is_claimed": false, "image_url": "https://s3-media3.fl.yelpcdn.com/bphoto/U8AVdn3FwN4x27q4OEwNlg/o.jpg", "hours": [{"hours_type": "REGULAR", "open": [{"end": "1630", "start": "0900", "day": 0, "is_overnight": false}, {"end": "1630", "start": "0900", "day": 1, "is_overnight": false}, {"end": "1630", "start": "0900", "day": 2, "is_overnight": false}, {"end": "1630", "start": "0900", "day": 3, "is_overnight": false}, {"end": "1630", "start": "0900", "day": 4, "is_overnight": false}], "is_open_now": false}], "name": "Armanasco House", "phone": "+6496264980"}