{"location": {"state": "AUK", "zip_code": "1010", "address2": "Westhaven Marina", "country": "NZ", "address3": "", "address1": "Curran Street", "city": "Auckland"}, "term": "attractions", "url": "https://www.yelp.com/biz/auckland-harbour-bridge-auckland?adjust_creative=92p07_JjKyriZTQxAXRiKQ&utm_campaign=yelp_api_v3&utm_medium=api_v3_business_lookup&utm_source=92p07_JjKyriZTQxAXRiKQ", "coordinates": {"latitude": -36.830996823902, "longitude": 174.745445251465}, "id": "auckland-harbour-bridge-auckland", "rating": 4.0, "photos": ["https://s3-media2.fl.yelpcdn.com/bphoto/FkOERvYWxyrG8xtcJi511Q/o.jpg", "https://s3-media3.fl.yelpcdn.com/bphoto/3E6fL7hBP-hfhSv_HcwrOg/o.jpg", "https://s3-media2.fl.yelpcdn.com/bphoto/tJJFqKGUI7XIhdphioeoJw/o.jpg"], "is_closed": false, "review_count": 6, "categories": [{"alias": "localflavor", "title": "Local Flavor"}], "is_claimed": false, "image_url": "https://s3-media2.fl.yelpcdn.com/bphoto/FkOERvYWxyrG8xtcJi511Q/o.jpg", "name": "Auckland Harbour Bridge", "phone": ""}