{"price": "$", "rating": 4.5, "coordinates": {"longitude": 149.1364746, "latitude": -35.2500305}, "is_claimed": false, "photos": ["https://s3-media1.fl.yelpcdn.com/bphoto/6vPvlNB4irVj6zg-C_GgaQ/o.jpg", "https://s3-media1.fl.yelpcdn.com/bphoto/t2yj6wKA17nm2HvFH0_HDw/o.jpg", "https://s3-media4.fl.yelpcdn.com/bphoto/44NeE_OvI4HHH9Fk44G1Ng/o.jpg"], "review_count": 5, "id": "au-lac-gourmet-vegetarian-restaurant-dickson", "term": "restaurants", "url": "https://www.yelp.com/biz/au-lac-gourmet-vegetarian-restaurant-dickson?adjust_creative=92p07_JjKyriZTQxAXRiKQ&utm_campaign=yelp_api_v3&utm_medium=api_v3_business_lookup&utm_source=92p07_JjKyriZTQxAXRiKQ", "categories": [{"alias": "vegan", "title": "Vegan"}], "location": {"address3": null, "zip_code": "2602", "address1": "Shop 4", "state": "ACT", "city": "Dickson", "address2": "39 Woolley St", "country": "AU"}, "is_closed": false, "phone": "+61262628922", "image_url": "https://s3-media4.fl.yelpcdn.com/bphoto/6vPvlNB4irVj6zg-C_GgaQ/o.jpg", "name": "Au Lac Gourmet Vegetarian Restaurant"}