{"id": "art-associates-cremorne", "rating": 0.0, "coordinates": {"longitude": 144.9935455, "latitude": -37.8277702}, "is_claimed": false, "photos": ["https://s3-media4.fl.yelpcdn.com/bphoto/yFBdIZD5S58HLHJm0G5wlg/o.jpg", "https://s3-media2.fl.yelpcdn.com/bphoto/btNGHpexsHevhwMYdD68HQ/o.jpg", "https://s3-media4.fl.yelpcdn.com/bphoto/K57kv-mG99-IqACCl8g39g/o.jpg"], "review_count": 0, "term": "attractions", "url": "https://www.yelp.com/biz/art-associates-cremorne?adjust_creative=92p07_JjKyriZTQxAXRiKQ&utm_campaign=yelp_api_v3&utm_medium=api_v3_business_lookup&utm_source=92p07_JjKyriZTQxAXRiKQ", "categories": [{"alias": "galleries", "title": "Art Galleries"}], "location": {"address3": null, "zip_code": "3121", "address1": "54 Stephenson St", "address2": null, "city": "Cremorne", "state": "VIC", "country": "AU"}, "is_closed": false, "phone": "+61394291350", "image_url": "https://s3-media3.fl.yelpcdn.com/bphoto/yFBdIZD5S58HLHJm0G5wlg/o.jpg", "name": "Art Associates"}