{"id": "australian-railway-historical-society-act-div-queanbeyan", "rating": 0.0, "coordinates": {"longitude": 149.2208252, "latitude": -35.3419495}, "is_claimed": false, "photos": [], "review_count": 0, "term": "hotels", "url": "https://www.yelp.com/biz/australian-railway-historical-society-act-div-queanbeyan?adjust_creative=92p07_JjKyriZTQxAXRiKQ&utm_campaign=yelp_api_v3&utm_medium=api_v3_business_lookup&utm_source=92p07_JjKyriZTQxAXRiKQ", "categories": [{"title": "Travel Services", "alias": "travelservices"}], "image_url": "", "is_closed": false, "phone": "+61262842790", "location": {"address3": null, "zip_code": "2620", "address1": "Henderson Rd", "address2": null, "city": "Queanbeyan", "state": "NSW", "country": "AU"}, "name": "Australian Railway Historical Society ACT Div"}