{"id": "australia-square-sydney", "rating": 4.0, "coordinates": {"longitude": 151.20828802952, "latitude": -33.8649795036608}, "is_claimed": false, "photos": ["https://s3-media2.fl.yelpcdn.com/bphoto/vmz7DDj0b4rfOL6Tjh1EfQ/o.jpg", "https://s3-media4.fl.yelpcdn.com/bphoto/Snylcakyt2vaUTlMPEjopw/o.jpg", "https://s3-media4.fl.yelpcdn.com/bphoto/7J1WygaRbPdMBfa96n7KKg/o.jpg"], "review_count": 1, "term": "attractions", "url": "https://www.yelp.com/biz/australia-square-sydney?adjust_creative=92p07_JjKyriZTQxAXRiKQ&utm_campaign=yelp_api_v3&utm_medium=api_v3_business_lookup&utm_source=92p07_JjKyriZTQxAXRiKQ", "categories": [{"title": "Public Services & Government", "alias": "publicservicesgovt"}], "location": {"address3": "", "zip_code": "2000", "address1": "264-278 George St", "address2": "", "city": "Sydney", "state": "NSW", "country": "AU"}, "is_closed": false, "phone": "", "image_url": "https://s3-media1.fl.yelpcdn.com/bphoto/vmz7DDj0b4rfOL6Tjh1EfQ/o.jpg", "name": "Australia Square"}