{"price": "\u00a3\u00a3\u00a3", "rating": 3.5, "coordinates": {"longitude": -0.088007850668199, "latitude": 51.516060728928}, "is_claimed": true, "hours": [{"is_open_now": true, "open": [{"is_overnight": false, "end": "0000", "start": "0000", "day": 0}, {"is_overnight": false, "end": "0000", "start": "0000", "day": 1}, {"is_overnight": false, "end": "0000", "start": "0000", "day": 2}, {"is_overnight": false, "end": "0000", "start": "0000", "day": 3}, {"is_overnight": false, "end": "0000", "start": "0000", "day": 4}, {"is_overnight": false, "end": "0000", "start": "0000", "day": 5}, {"is_overnight": false, "end": "0000", "start": "0000", "day": 6}], "hours_type": "REGULAR"}], "photos": ["https://s3-media1.fl.yelpcdn.com/bphoto/koMwryKKt5Q9fnj6DkxB2Q/o.jpg", "https://s3-media1.fl.yelpcdn.com/bphoto/_HXHH5C6Ao3rr0cvGgTMkw/o.jpg", "https://s3-media4.fl.yelpcdn.com/bphoto/sfn7xF29WeyFlKQ71TIowQ/o.jpg"], "review_count": 11, "id": "apex-london-wall-hotel-london", "term": "attractions", "url": "https://www.yelp.com/biz/apex-london-wall-hotel-london?adjust_creative=92p07_JjKyriZTQxAXRiKQ&utm_campaign=yelp_api_v3&utm_medium=api_v3_business_lookup&utm_source=92p07_JjKyriZTQxAXRiKQ", "categories": [{"title": "Hotels", "alias": "hotels"}], "image_url": "https://s3-media3.fl.yelpcdn.com/bphoto/koMwryKKt5Q9fnj6DkxB2Q/o.jpg", "is_closed": false, "phone": "+442075623030", "location": {"address3": "", "zip_code": "EC2R 7NJ", "address1": "7-9 Copthall Avenue", "address2": "", "city": "London", "state": "XGL", "country": "GB"}, "name": "Apex London Wall Hotel"}