{"price": "\u00a3\u00a3", "rating": 4.5, "coordinates": {"longitude": -0.0793204, "latitude": 51.5105825}, "is_claimed": true, "hours": [{"is_open_now": true, "open": [{"is_overnight": false, "end": "0000", "start": "0000", "day": 0}, {"is_overnight": false, "end": "0000", "start": "0000", "day": 1}, {"is_overnight": false, "end": "0000", "start": "0000", "day": 2}, {"is_overnight": false, "end": "0000", "start": "0000", "day": 3}, {"is_overnight": false, "end": "0000", "start": "0000", "day": 4}, {"is_overnight": false, "end": "0000", "start": "0000", "day": 5}, {"is_overnight": false, "end": "0000", "start": "0000", "day": 6}], "hours_type": "REGULAR"}], "photos": ["https://s3-media2.fl.yelpcdn.com/bphoto/K-HsSoGSD-uMZKecclRriA/o.jpg", "https://s3-media4.fl.yelpcdn.com/bphoto/ClTyLETyZAIBIA0Xv_OIGg/o.jpg", "https://s3-media1.fl.yelpcdn.com/bphoto/x0FkJb2_UQoCHG09FFyDsA/o.jpg"], "review_count": 25, "id": "apex-city-of-london-hotel-london-2", "term": "attractions", "url": "https://www.yelp.com/biz/apex-city-of-london-hotel-london-2?adjust_creative=92p07_JjKyriZTQxAXRiKQ&utm_campaign=yelp_api_v3&utm_medium=api_v3_business_lookup&utm_source=92p07_JjKyriZTQxAXRiKQ", "categories": [{"title": "Hotels", "alias": "hotels"}], "image_url": "https://s3-media1.fl.yelpcdn.com/bphoto/K-HsSoGSD-uMZKecclRriA/o.jpg", "is_closed": false, "phone": "+442077022020", "location": {"address3": "", "zip_code": "EC3N 4AX", "address1": "1 Seething Lane", "address2": "", "city": "London", "state": "XGL", "country": "GB"}, "name": "Apex City of London Hotel"}