{"price": "\u00a3\u00a3\u00a3", "rating": 4.0, "coordinates": {"longitude": -0.142682790371751, "latitude": 51.4956876451631}, "is_claimed": true, "hours": [{"is_open_now": false, "open": [{"is_overnight": false, "day": 0, "end": "1015", "start": "0730"}, {"is_overnight": false, "day": 1, "end": "1015", "start": "0730"}, {"is_overnight": false, "day": 2, "end": "1015", "start": "0230"}, {"is_overnight": false, "day": 3, "end": "1015", "start": "0230"}, {"is_overnight": false, "day": 4, "end": "1015", "start": "0230"}, {"is_overnight": false, "day": 5, "end": "1015", "start": "0230"}], "hours_type": "REGULAR"}], "photos": ["https://s3-media1.fl.yelpcdn.com/bphoto/Oq_BLgv-gDF8REn0g_sOsg/o.jpg", "https://s3-media1.fl.yelpcdn.com/bphoto/Lp_h8CLnMe3b1_db9kKWcQ/o.jpg", "https://s3-media2.fl.yelpcdn.com/bphoto/iuDdLf6t8mfnsxqAt26KXg/o.jpg"], "review_count": 53, "id": "apollo-victoria-theatre-london-london", "term": "attractions", "url": "https://www.yelp.com/biz/apollo-victoria-theatre-london-london?adjust_creative=92p07_JjKyriZTQxAXRiKQ&utm_campaign=yelp_api_v3&utm_medium=api_v3_business_lookup&utm_source=92p07_JjKyriZTQxAXRiKQ", "categories": [{"alias": "theater", "title": "Performing Arts"}], "location": {"address3": "", "zip_code": "SW1V 1LG", "address1": "17 Wilton Road", "state": "XGL", "city": "London", "address2": "", "country": "GB"}, "is_closed": false, "phone": "+442070990930", "image_url": "https://s3-media4.fl.yelpcdn.com/bphoto/Oq_BLgv-gDF8REn0g_sOsg/o.jpg", "name": "Apollo Victoria Theatre London"}