{"id": "art-car-london", "rating": 0.0, "coordinates": {"longitude": -0.02555, "latitude": 51.51209}, "is_claimed": true, "hours": [{"is_open_now": false, "open": [{"is_overnight": false, "day": 0, "start": "0600", "end": "0000"}, {"is_overnight": false, "day": 1, "start": "0600", "end": "0000"}, {"is_overnight": false, "day": 2, "start": "0600", "end": "0000"}, {"is_overnight": false, "day": 3, "start": "0600", "end": "0000"}, {"is_overnight": false, "day": 4, "start": "0600", "end": "0000"}, {"is_overnight": false, "day": 5, "start": "0600", "end": "0000"}, {"is_overnight": false, "day": 6, "start": "0600", "end": "0000"}], "hours_type": "REGULAR"}], "photos": ["https://s3-media2.fl.yelpcdn.com/bphoto/kD4skrvlmJ87EIE4DeG8lA/o.jpg"], "review_count": 0, "term": "attractions", "url": "https://www.yelp.com/biz/art-car-london?adjust_creative=92p07_JjKyriZTQxAXRiKQ&utm_campaign=yelp_api_v3&utm_medium=api_v3_business_lookup&utm_source=92p07_JjKyriZTQxAXRiKQ", "categories": [{"alias": "taxis", "title": "Taxis"}], "location": {"address3": "", "zip_code": "E14 6FL", "address1": "Canton Street", "address2": null, "city": "London", "state": "XGL", "country": "GB"}, "is_closed": false, "phone": "+442075388880", "image_url": "https://s3-media4.fl.yelpcdn.com/bphoto/kD4skrvlmJ87EIE4DeG8lA/o.jpg", "name": "ART CAR"}