{"price": "\u00a3", "rating": 3.5, "coordinates": {"longitude": -0.1377046, "latitude": 51.4903068}, "is_claimed": false, "photos": ["https://s3-media1.fl.yelpcdn.com/bphoto/GxOI0Oget2c2Ek0-yorYHg/o.jpg", "https://s3-media2.fl.yelpcdn.com/bphoto/qni7tXy95cwCTaZYG8JIpA/o.jpg", "https://s3-media2.fl.yelpcdn.com/bphoto/pWSLtECjTesmGI3hSPo-RA/o.jpg"], "review_count": 19, "id": "astor-victoria-london", "term": "attractions", "url": "https://www.yelp.com/biz/astor-victoria-london?adjust_creative=92p07_JjKyriZTQxAXRiKQ&utm_campaign=yelp_api_v3&utm_medium=api_v3_business_lookup&utm_source=92p07_JjKyriZTQxAXRiKQ", "categories": [{"title": "Hotels", "alias": "hotels"}], "image_url": "https://s3-media1.fl.yelpcdn.com/bphoto/GxOI0Oget2c2Ek0-yorYHg/o.jpg", "is_closed": false, "phone": "+442078343077", "location": {"address3": "", "zip_code": "SW1V 2BG", "address1": "71 Belgrave Road", "address2": "", "city": "London", "state": "XGL", "country": "GB"}, "name": "Astor Victoria"}