{"id": "barbican-london-3", "rating": 4.0, "coordinates": {"longitude": -0.09183, "latitude": 51.51991}, "is_claimed": false, "hours": [{"is_open_now": false, "open": [{"is_overnight": false, "day": 0, "start": "1100", "end": "2000"}, {"is_overnight": false, "day": 1, "start": "1100", "end": "2000"}, {"is_overnight": false, "day": 2, "start": "1100", "end": "1800"}, {"is_overnight": false, "day": 3, "start": "1100", "end": "2200"}, {"is_overnight": false, "day": 4, "start": "1100", "end": "2000"}, {"is_overnight": false, "day": 5, "start": "1100", "end": "2000"}, {"is_overnight": false, "day": 6, "start": "1100", "end": "2000"}], "hours_type": "REGULAR"}], "photos": ["https://s3-media4.fl.yelpcdn.com/bphoto/JDgCvAoOUF1PNliJwhWovQ/o.jpg", "https://s3-media2.fl.yelpcdn.com/bphoto/CM6gZWnUUWqAy919OIXkbA/o.jpg", "https://s3-media2.fl.yelpcdn.com/bphoto/F5m5IbTDulblaM2DLeO6TA/o.jpg"], "review_count": 102, "price": "\u00a3\u00a3", "term": "attractions", "url": "https://www.yelp.com/biz/barbican-london-3?adjust_creative=92p07_JjKyriZTQxAXRiKQ&utm_campaign=yelp_api_v3&utm_medium=api_v3_business_lookup&utm_source=92p07_JjKyriZTQxAXRiKQ", "categories": [{"alias": "culturalcenter", "title": "Cultural Center"}], "location": {"address3": "", "zip_code": "EC2Y 8DS", "address1": "Silk Street", "address2": "", "city": "London", "state": "XGL", "country": "GB"}, "is_closed": false, "phone": "+442076388891", "image_url": "https://s3-media3.fl.yelpcdn.com/bphoto/JDgCvAoOUF1PNliJwhWovQ/o.jpg", "name": "Barbican"}