{"price": "$$$", "rating": 4.0, "coordinates": {"longitude": 144.9677, "latitude": -37.81133}, "is_claimed": false, "hours": [{"is_open_now": false, "open": [{"is_overnight": false, "day": 1, "start": "1130", "end": "1500"}, {"is_overnight": false, "day": 1, "start": "1730", "end": "2230"}, {"is_overnight": false, "day": 2, "start": "1130", "end": "1500"}, {"is_overnight": false, "day": 2, "start": "1730", "end": "2230"}, {"is_overnight": false, "day": 3, "start": "1130", "end": "1500"}, {"is_overnight": false, "day": 3, "start": "1730", "end": "2230"}, {"is_overnight": false, "day": 4, "start": "1130", "end": "1500"}, {"is_overnight": false, "day": 4, "start": "1730", "end": "2230"}, {"is_overnight": false, "day": 5, "start": "1730", "end": "2230"}, {"is_overnight": false, "day": 6, "start": "1130", "end": "1500"}, {"is_overnight": false, "day": 6, "start": "1730", "end": "2230"}], "hours_type": "REGULAR"}], "photos": ["https://s3-media3.fl.yelpcdn.com/bphoto/ijsvEPMmCe1WNNSA9RDHCw/o.jpg", "https://s3-media1.fl.yelpcdn.com/bphoto/v8XGCDu0cyiQBIZh5ojJjg/o.jpg", "https://s3-media3.fl.yelpcdn.com/bphoto/dHY5QxBEK1trYUgBmowe1Q/o.jpg"], "review_count": 6, "id": "ants-bistro-melbourne", "term": "restaurants", "url": "https://www.yelp.com/biz/ants-bistro-melbourne?adjust_creative=92p07_JjKyriZTQxAXRiKQ&utm_campaign=yelp_api_v3&utm_medium=api_v3_business_lookup&utm_source=92p07_JjKyriZTQxAXRiKQ", "categories": [{"alias": "chinese", "title": "Chinese"}], "location": {"address3": "", "zip_code": "3000", "address1": "7 Corrs Lane", "address2": "", "city": "Melbourne", "state": "VIC", "country": "AU"}, "is_closed": false, "phone": "+61396392908", "image_url": "https://s3-media1.fl.yelpcdn.com/bphoto/ijsvEPMmCe1WNNSA9RDHCw/o.jpg", "name": "Ants Bistro"}