{"price": "$", "rating": 5.0, "coordinates": {"longitude": 144.9716, "latitude": -37.8150199}, "is_claimed": false, "hours": [{"is_open_now": false, "open": [{"is_overnight": false, "day": 0, "end": "1600", "start": "0700"}, {"is_overnight": false, "day": 1, "end": "1600", "start": "0700"}, {"is_overnight": false, "day": 2, "end": "1600", "start": "0700"}, {"is_overnight": false, "day": 3, "end": "1600", "start": "0700"}, {"is_overnight": false, "day": 4, "end": "1600", "start": "0700"}], "hours_type": "REGULAR"}], "photos": ["https://s3-media2.fl.yelpcdn.com/bphoto/bGKxmdVgu59WB1hpWGQ8EA/o.jpg", "https://s3-media1.fl.yelpcdn.com/bphoto/0FDao1938dFI48PvigNc1A/o.jpg", "https://s3-media3.fl.yelpcdn.com/bphoto/dJmxDAfpR3sWPZ_01OY20A/o.jpg"], "review_count": 10, "id": "axil-coffee-roasters-melbourne-2", "term": "restaurants", "url": "https://www.yelp.com/biz/axil-coffee-roasters-melbourne-2?adjust_creative=92p07_JjKyriZTQxAXRiKQ&utm_campaign=yelp_api_v3&utm_medium=api_v3_business_lookup&utm_source=92p07_JjKyriZTQxAXRiKQ", "categories": [{"alias": "coffee", "title": "Coffee & Tea"}, {"alias": "cafes", "title": "Cafes"}], "location": {"address3": "", "zip_code": "3000", "address1": "76 Flinders Lane", "state": "VIC", "city": "Melbourne", "address2": "", "country": "AU"}, "is_closed": false, "phone": "+61398190091", "image_url": "https://s3-media1.fl.yelpcdn.com/bphoto/bGKxmdVgu59WB1hpWGQ8EA/o.jpg", "name": "Axil Coffee Roasters"}