{"price": "$$", "rating": 4.5, "coordinates": {"longitude": 144.970591, "latitude": -37.8095}, "is_claimed": false, "hours": [{"is_open_now": false, "open": [{"is_overnight": false, "day": 0, "end": "1600", "start": "0630"}, {"is_overnight": false, "day": 1, "end": "1600", "start": "0630"}, {"is_overnight": false, "day": 2, "end": "1600", "start": "0630"}, {"is_overnight": false, "day": 3, "end": "1600", "start": "0630"}, {"is_overnight": false, "day": 4, "end": "1600", "start": "0630"}], "hours_type": "REGULAR"}], "photos": ["https://s3-media1.fl.yelpcdn.com/bphoto/iKdjmn1usD-eY7ski3ODEw/o.jpg", "https://s3-media3.fl.yelpcdn.com/bphoto/0Fq55qDH61gfipCXSkHFBQ/o.jpg", "https://s3-media2.fl.yelpcdn.com/bphoto/UPZ4F_9xQFDWj4sQ-qIdzw/o.jpg"], "review_count": 3, "id": "babbo-melbourne", "term": "restaurants", "url": "https://www.yelp.com/biz/babbo-melbourne?adjust_creative=92p07_JjKyriZTQxAXRiKQ&utm_campaign=yelp_api_v3&utm_medium=api_v3_business_lookup&utm_source=92p07_JjKyriZTQxAXRiKQ", "categories": [{"alias": "italian", "title": "Italian"}], "location": {"address3": "", "zip_code": "3000", "address1": "Shop 7 Madame Brussels Lane", "state": "VIC", "city": "Melbourne", "address2": "50 Lonsdale Street", "country": "AU"}, "is_closed": false, "phone": "+61396623334", "image_url": "https://s3-media2.fl.yelpcdn.com/bphoto/iKdjmn1usD-eY7ski3ODEw/o.jpg", "name": "Babbo"}