{"id": "bad-boys-melbourne", "rating": 4.0, "coordinates": {"longitude": 144.97071, "latitude": -37.81004}, "is_claimed": false, "hours": [{"is_open_now": true, "open": [{"is_overnight": false, "day": 0, "start": "0700", "end": "1700"}, {"is_overnight": false, "day": 1, "start": "0700", "end": "1700"}, {"is_overnight": false, "day": 2, "start": "0700", "end": "1700"}, {"is_overnight": false, "day": 3, "start": "0700", "end": "1700"}, {"is_overnight": false, "day": 4, "start": "0700", "end": "1700"}, {"is_overnight": false, "day": 5, "start": "0900", "end": "1700"}, {"is_overnight": false, "day": 6, "start": "0900", "end": "1700"}], "hours_type": "REGULAR"}], "photos": ["https://s3-media3.fl.yelpcdn.com/bphoto/B2BKFzca_aL84Sm8w_PjJw/o.jpg", "https://s3-media2.fl.yelpcdn.com/bphoto/iH9e2TpoY6Nj9mY74fs25w/o.jpg", "https://s3-media1.fl.yelpcdn.com/bphoto/--8cxgMEcbUcsMkGYC7GnQ/o.jpg"], "review_count": 5, "price": "$", "term": "restaurants", "url": "https://www.yelp.com/biz/bad-boys-melbourne?adjust_creative=92p07_JjKyriZTQxAXRiKQ&utm_campaign=yelp_api_v3&utm_medium=api_v3_business_lookup&utm_source=92p07_JjKyriZTQxAXRiKQ", "categories": [{"alias": "burgers", "title": "Burgers"}], "location": {"address3": "", "zip_code": "3000", "address1": "57 Lonsdale St", "address2": "", "city": "Melbourne", "state": "VIC", "country": "AU"}, "is_closed": false, "phone": "+611396638003", "image_url": "https://s3-media3.fl.yelpcdn.com/bphoto/B2BKFzca_aL84Sm8w_PjJw/o.jpg", "name": "Bad Boys"}