{"price": "$", "rating": 3.5, "coordinates": {"longitude": 144.9599762, "latitude": -37.8083}, "is_claimed": false, "hours": [{"is_open_now": true, "open": [{"is_overnight": false, "end": "2100", "start": "1100", "day": 0}, {"is_overnight": false, "end": "2100", "start": "1100", "day": 1}, {"is_overnight": false, "end": "2100", "start": "1100", "day": 2}, {"is_overnight": false, "end": "2100", "start": "1100", "day": 3}, {"is_overnight": false, "end": "2130", "start": "1100", "day": 4}, {"is_overnight": false, "end": "2100", "start": "1100", "day": 5}, {"is_overnight": false, "end": "2100", "start": "1100", "day": 6}], "hours_type": "REGULAR"}], "photos": ["https://s3-media3.fl.yelpcdn.com/bphoto/y2n_Rt4LnKyC5_QX0c7K4w/o.jpg", "https://s3-media1.fl.yelpcdn.com/bphoto/5_N_4R9i9wgKyqugKXbOMQ/o.jpg", "https://s3-media2.fl.yelpcdn.com/bphoto/ZeDy3T8aEZYuhFybyV_n-A/o.jpg"], "review_count": 7, "id": "bali-bagus-melbourne", "term": "restaurants", "url": "https://www.yelp.com/biz/bali-bagus-melbourne?adjust_creative=92p07_JjKyriZTQxAXRiKQ&utm_campaign=yelp_api_v3&utm_medium=api_v3_business_lookup&utm_source=92p07_JjKyriZTQxAXRiKQ", "categories": [{"title": "Halal", "alias": "halal"}, {"title": "Indonesian", "alias": "indonesian"}], "image_url": "https://s3-media1.fl.yelpcdn.com/bphoto/y2n_Rt4LnKyC5_QX0c7K4w/o.jpg", "is_closed": false, "phone": "+61396621474", "location": {"address3": null, "zip_code": "3000", "address1": "U707/ 85 Franklin St", "address2": null, "city": "Melbourne", "state": "VIC", "country": "AU"}, "name": "Bali Bagus"}