{"id": "bambini-barrista-melbourne", "rating": 5.0, "coordinates": {"longitude": 144.9571381, "latitude": -37.8169098}, "is_claimed": false, "hours": [{"is_open_now": false, "open": [{"is_overnight": false, "day": 0, "start": "0600", "end": "1600"}, {"is_overnight": false, "day": 1, "start": "0600", "end": "1600"}, {"is_overnight": false, "day": 2, "start": "0600", "end": "1600"}, {"is_overnight": false, "day": 3, "start": "0600", "end": "1600"}, {"is_overnight": false, "day": 4, "start": "0600", "end": "1600"}], "hours_type": "REGULAR"}], "photos": [], "review_count": 1, "price": "$", "term": "restaurants", "url": "https://www.yelp.com/biz/bambini-barrista-melbourne?adjust_creative=92p07_JjKyriZTQxAXRiKQ&utm_campaign=yelp_api_v3&utm_medium=api_v3_business_lookup&utm_source=92p07_JjKyriZTQxAXRiKQ", "categories": [{"alias": "cafes", "title": "Cafes"}, {"alias": "coffee", "title": "Coffee & Tea"}], "location": {"address3": null, "zip_code": "3000", "address1": "Shop 7", "address2": "530 Little Collins St", "city": "Melbourne", "state": "VIC", "country": "AU"}, "is_closed": false, "phone": "+61396140023", "image_url": "", "name": "Bambini Barrista"}