{"id": "autolyse-braddon", "rating": 3.0, "coordinates": {"longitude": 149.130828264166, "latitude": -35.2743995835631}, "is_claimed": false, "photos": ["https://s3-media1.fl.yelpcdn.com/bphoto/QeLK-5GmBGezgqJkKRooGA/o.jpg", "https://s3-media2.fl.yelpcdn.com/bphoto/yWW25kRz1romHQK_Y57xPA/o.jpg", "https://s3-media4.fl.yelpcdn.com/bphoto/FwC1X3UyT3xKSMeQNx9ijg/o.jpg"], "review_count": 7, "price": "$$", "term": "restaurants", "url": "https://www.yelp.com/biz/autolyse-braddon?adjust_creative=92p07_JjKyriZTQxAXRiKQ&utm_campaign=yelp_api_v3&utm_medium=api_v3_business_lookup&utm_source=92p07_JjKyriZTQxAXRiKQ", "categories": [{"title": "Cafes", "alias": "cafes"}, {"title": "Bakeries", "alias": "bakeries"}], "location": {"address3": "", "zip_code": "2612", "address1": "5/21 Lonsdale St", "address2": "", "city": "Braddon", "state": "ACT", "country": "AU"}, "is_closed": false, "phone": "+61262628819", "image_url": "https://s3-media4.fl.yelpcdn.com/bphoto/QeLK-5GmBGezgqJkKRooGA/o.jpg", "name": "Autolyse"}