{"id": "angas-travel-agency-adelaide", "rating": 0.0, "coordinates": {"longitude": 138.6126099, "latitude": -34.9297714}, "is_claimed": false, "photos": [], "review_count": 0, "term": "hotels", "url": "https://www.yelp.com/biz/angas-travel-agency-adelaide?adjust_creative=92p07_JjKyriZTQxAXRiKQ&utm_campaign=yelp_api_v3&utm_medium=api_v3_business_lookup&utm_source=92p07_JjKyriZTQxAXRiKQ", "categories": [{"alias": "travelservices", "title": "Travel Services"}], "location": {"address3": null, "zip_code": "5000", "address1": "303 Angas St", "state": "SA", "city": "Adelaide", "address2": null, "country": "AU"}, "is_closed": false, "phone": "+61882283690", "image_url": "", "name": "Angas Travel Agency"}