{"id": "annies-place-the-friendly-backpackers-adelaide", "rating": 1.0, "coordinates": {"longitude": 138.5899658, "latitude": -34.9277802}, "is_claimed": false, "photos": [], "review_count": 1, "term": "hotels", "url": "https://www.yelp.com/biz/annies-place-the-friendly-backpackers-adelaide?adjust_creative=92p07_JjKyriZTQxAXRiKQ&utm_campaign=yelp_api_v3&utm_medium=api_v3_business_lookup&utm_source=92p07_JjKyriZTQxAXRiKQ", "categories": [{"title": "Hostels", "alias": "hostels"}], "image_url": "", "is_closed": false, "phone": "+611800818011", "location": {"address3": null, "zip_code": "5000", "address1": "239 Franklin St", "address2": null, "city": "Adelaide", "state": "SA", "country": "AU"}, "name": "Annie's Place - The Friendly Backpackers"}