{"id": "art-gallery-of-south-australia-adelaide", "rating": 4.0, "coordinates": {"longitude": 138.602464199066, "latitude": -34.9210913394011}, "is_claimed": true, "hours": [{"is_open_now": false, "open": [{"is_overnight": false, "day": 0, "start": "1000", "end": "1700"}, {"is_overnight": false, "day": 1, "start": "1000", "end": "1700"}, {"is_overnight": false, "day": 2, "start": "1000", "end": "1700"}, {"is_overnight": false, "day": 3, "start": "1000", "end": "1700"}, {"is_overnight": false, "day": 4, "start": "1000", "end": "1700"}, {"is_overnight": false, "day": 5, "start": "1000", "end": "1700"}, {"is_overnight": false, "day": 6, "start": "1000", "end": "1700"}], "hours_type": "REGULAR"}], "photos": ["https://s3-media4.fl.yelpcdn.com/bphoto/AqYoxqbTD3zdN7InOOzv6g/o.jpg", "https://s3-media4.fl.yelpcdn.com/bphoto/tJZnqqdEfSF1h9iejBU4Xg/o.jpg", "https://s3-media4.fl.yelpcdn.com/bphoto/Z6yebQs1OAhwBfttDKic4Q/o.jpg"], "review_count": 14, "price": "$", "term": "hotels", "url": "https://www.yelp.com/biz/art-gallery-of-south-australia-adelaide?adjust_creative=92p07_JjKyriZTQxAXRiKQ&utm_campaign=yelp_api_v3&utm_medium=api_v3_business_lookup&utm_source=92p07_JjKyriZTQxAXRiKQ", "categories": [{"title": "Art Galleries", "alias": "galleries"}, {"title": "Tours", "alias": "tours"}], "image_url": "https://s3-media2.fl.yelpcdn.com/bphoto/AqYoxqbTD3zdN7InOOzv6g/o.jpg", "is_closed": false, "phone": "+61882077000", "location": {"address3": null, "zip_code": "5000", "address1": "North Tce", "state": "SA", "city": "Adelaide", "address2": null, "country": "AU"}, "name": "Art Gallery of South Australia"}