{"id": "avis-adelaide", "rating": 4.0, "coordinates": {"longitude": 138.5841827, "latitude": -34.9102058}, "is_claimed": false, "hours": [{"is_open_now": false, "open": [{"is_overnight": false, "day": 0, "start": "0730", "end": "1800"}, {"is_overnight": false, "day": 1, "start": "0730", "end": "1800"}, {"is_overnight": false, "day": 2, "start": "0730", "end": "1800"}, {"is_overnight": false, "day": 3, "start": "0730", "end": "1800"}, {"is_overnight": false, "day": 4, "start": "0730", "end": "1800"}, {"is_overnight": false, "day": 5, "start": "0800", "end": "1400"}, {"is_overnight": false, "day": 6, "start": "0800", "end": "1400"}], "hours_type": "REGULAR"}], "photos": ["https://s3-media4.fl.yelpcdn.com/bphoto/Yxt0HAaZS6Yk3v3v0TOXtA/o.jpg", "https://s3-media2.fl.yelpcdn.com/bphoto/JasvbUORSk748jYW3W8HRA/o.jpg"], "review_count": 2, "term": "hotels", "url": "https://www.yelp.com/biz/avis-adelaide?adjust_creative=92p07_JjKyriZTQxAXRiKQ&utm_campaign=yelp_api_v3&utm_medium=api_v3_business_lookup&utm_source=92p07_JjKyriZTQxAXRiKQ", "categories": [{"title": "Travel Services", "alias": "travelservices"}], "image_url": "https://s3-media1.fl.yelpcdn.com/bphoto/Yxt0HAaZS6Yk3v3v0TOXtA/o.jpg", "is_closed": false, "phone": "+61136333", "location": {"address3": null, "zip_code": "5000", "address1": "136 North Tce", "state": "SA", "city": "Adelaide", "address2": null, "country": "AU"}, "name": "Avis"}