{"id": "backpack-oz-adelaide", "rating": 4.5, "coordinates": {"longitude": 138.6062927, "latitude": -34.9280891}, "is_claimed": false, "photos": ["https://s3-media3.fl.yelpcdn.com/bphoto/NIGyDRPcKvsb3cEg3NdPkA/o.jpg", "https://s3-media2.fl.yelpcdn.com/bphoto/hjPWxFBAL8W476ZoPZ1tKg/o.jpg", "https://s3-media3.fl.yelpcdn.com/bphoto/OgcMI921_ZlA1NXAnwB3QQ/o.jpg"], "review_count": 3, "term": "hotels", "url": "https://www.yelp.com/biz/backpack-oz-adelaide?adjust_creative=92p07_JjKyriZTQxAXRiKQ&utm_campaign=yelp_api_v3&utm_medium=api_v3_business_lookup&utm_source=92p07_JjKyriZTQxAXRiKQ", "categories": [{"title": "Hostels", "alias": "hostels"}], "image_url": "https://s3-media2.fl.yelpcdn.com/bphoto/NIGyDRPcKvsb3cEg3NdPkA/o.jpg", "is_closed": false, "phone": "+61882233551", "location": {"address3": null, "zip_code": "5000", "address1": "144 Wakefield St", "state": "SA", "city": "Adelaide", "address2": null, "country": "AU"}, "name": "Backpack Oz"}