{"id": "bar-cuba-adelaide", "rating": 4.0, "coordinates": {"longitude": 138.5968628, "latitude": -34.9257698}, "is_claimed": true, "photos": ["https://s3-media3.fl.yelpcdn.com/bphoto/Roihj4xlWx7iYge7haydng/o.jpg", "https://s3-media2.fl.yelpcdn.com/bphoto/ksqiMk6jka5wEjPYdDbwOQ/o.jpg", "https://s3-media3.fl.yelpcdn.com/bphoto/wSFDh3t3qAihk8S-kCBx7Q/o.jpg"], "review_count": 3, "term": "hotels", "url": "https://www.yelp.com/biz/bar-cuba-adelaide?adjust_creative=92p07_JjKyriZTQxAXRiKQ&utm_campaign=yelp_api_v3&utm_medium=api_v3_business_lookup&utm_source=92p07_JjKyriZTQxAXRiKQ", "categories": [{"title": "Cocktail Bars", "alias": "cocktailbars"}, {"title": "Venues & Event Spaces", "alias": "venues"}], "image_url": "https://s3-media3.fl.yelpcdn.com/bphoto/Roihj4xlWx7iYge7haydng/o.jpg", "is_closed": false, "phone": "+61882312144", "location": {"address3": "", "zip_code": "5000", "address1": "Level 1", "address2": "70 Waymouth St", "city": "Adelaide", "state": "SA", "country": "AU"}, "name": "Bar Cuba"}