{"id": "arintji-melbourne", "rating": 3.5, "coordinates": {"longitude": 144.9687099, "latitude": -37.81805}, "is_claimed": false, "hours": [{"is_open_now": true, "open": [{"is_overnight": false, "day": 0, "start": "1030", "end": "2200"}, {"is_overnight": false, "day": 1, "start": "1030", "end": "2200"}, {"is_overnight": false, "day": 2, "start": "1030", "end": "2200"}, {"is_overnight": false, "day": 3, "start": "1030", "end": "2200"}, {"is_overnight": false, "day": 4, "start": "1030", "end": "2300"}, {"is_overnight": false, "day": 5, "start": "1030", "end": "2300"}, {"is_overnight": false, "day": 6, "start": "1030", "end": "2200"}], "hours_type": "REGULAR"}], "photos": ["https://s3-media4.fl.yelpcdn.com/bphoto/UX9eTnV0f5yKoYY21pr7Ig/o.jpg", "https://s3-media2.fl.yelpcdn.com/bphoto/BYAGlTcItNrwY_w46jpOPw/o.jpg", "https://s3-media2.fl.yelpcdn.com/bphoto/f7nHE8n-DXlBK89QjAqK-A/o.jpg"], "review_count": 12, "price": "$$", "term": "restaurants", "url": "https://www.yelp.com/biz/arintji-melbourne?adjust_creative=92p07_JjKyriZTQxAXRiKQ&utm_campaign=yelp_api_v3&utm_medium=api_v3_business_lookup&utm_source=92p07_JjKyriZTQxAXRiKQ", "categories": [{"alias": "tapasmallplates", "title": "Tapas/Small Plates"}, {"alias": "cafes", "title": "Cafes"}], "location": {"address3": null, "zip_code": "3000", "address1": "Shop 26, Federation Square", "address2": "2 Swanston St", "city": "Melbourne", "state": "VIC", "country": "AU"}, "is_closed": false, "phone": "+61396639900", "image_url": "https://s3-media4.fl.yelpcdn.com/bphoto/UX9eTnV0f5yKoYY21pr7Ig/o.jpg", "name": "Arintji"}