{"price": "$$$", "rating": 4.5, "coordinates": {"longitude": 144.9811707, "latitude": -37.8059998}, "is_claimed": false, "hours": [{"is_open_now": true, "open": [{"is_overnight": false, "end": "0000", "start": "1800", "day": 0}, {"is_overnight": false, "end": "0000", "start": "1800", "day": 1}, {"is_overnight": false, "end": "0000", "start": "1800", "day": 2}, {"is_overnight": false, "end": "0000", "start": "1800", "day": 3}, {"is_overnight": false, "end": "0000", "start": "1800", "day": 4}, {"is_overnight": false, "end": "0000", "start": "1800", "day": 5}, {"is_overnight": false, "end": "0000", "start": "1200", "day": 6}], "hours_type": "REGULAR"}], "photos": ["https://s3-media3.fl.yelpcdn.com/bphoto/J_wtW2TgOtpOeC_Fs2FoJQ/o.jpg", "https://s3-media1.fl.yelpcdn.com/bphoto/N9qKsjdnOM4nrhTn0YFM8w/o.jpg", "https://s3-media1.fl.yelpcdn.com/bphoto/RXBRDm_1AnZ8ieDq72rGwg/o.jpg"], "review_count": 13, "id": "a\u00f1ada-melbourne-2", "term": "restaurants", "url": "https://www.yelp.com/biz/a%C3%B1ada-melbourne-2?adjust_creative=92p07_JjKyriZTQxAXRiKQ&utm_campaign=yelp_api_v3&utm_medium=api_v3_business_lookup&utm_source=92p07_JjKyriZTQxAXRiKQ", "categories": [{"title": "Bars", "alias": "bars"}, {"title": "Spanish", "alias": "spanish"}, {"title": "Tapas/Small Plates", "alias": "tapasmallplates"}], "image_url": "https://s3-media1.fl.yelpcdn.com/bphoto/J_wtW2TgOtpOeC_Fs2FoJQ/o.jpg", "is_closed": false, "phone": "+61394156101", "location": {"address3": null, "zip_code": "3065", "address1": "197 Gertrude St", "address2": "", "city": "Melbourne", "state": "VIC", "country": "AU"}, "name": "A\u00f1ada"}