{"price": "$$", "rating": 3.0, "coordinates": {"longitude": 144.99697, "latitude": -37.8330399}, "is_claimed": true, "hours": [{"is_open_now": true, "open": [{"is_overnight": false, "day": 0, "end": "2300", "start": "0700"}, {"is_overnight": false, "day": 1, "end": "2300", "start": "0700"}, {"is_overnight": false, "day": 2, "end": "2300", "start": "0700"}, {"is_overnight": false, "day": 3, "end": "2300", "start": "0700"}, {"is_overnight": false, "day": 4, "end": "2300", "start": "0700"}, {"is_overnight": false, "day": 5, "end": "2300", "start": "0800"}, {"is_overnight": false, "day": 6, "end": "2300", "start": "0800"}], "hours_type": "REGULAR"}], "photos": ["https://s3-media4.fl.yelpcdn.com/bphoto/0UYQY6r11wFuOBVRdqy6Lg/o.jpg", "https://s3-media3.fl.yelpcdn.com/bphoto/QyBgrTY3jt-9y2LRHdBkPw/o.jpg", "https://s3-media4.fl.yelpcdn.com/bphoto/mLvbE7R_fd_sqb0FVSMsfA/o.jpg"], "review_count": 25, "id": "baby-melbourne", "term": "restaurants", "url": "https://www.yelp.com/biz/baby-melbourne?adjust_creative=92p07_JjKyriZTQxAXRiKQ&utm_campaign=yelp_api_v3&utm_medium=api_v3_business_lookup&utm_source=92p07_JjKyriZTQxAXRiKQ", "categories": [{"alias": "italian", "title": "Italian"}, {"alias": "pizza", "title": "Pizza"}, {"alias": "breakfast_brunch", "title": "Breakfast & Brunch"}], "location": {"address3": "", "zip_code": "3121", "address1": "631-633 Church St", "state": "VIC", "city": "Melbourne", "address2": "", "country": "AU"}, "is_closed": false, "phone": "+61394214599", "image_url": "https://s3-media1.fl.yelpcdn.com/bphoto/0UYQY6r11wFuOBVRdqy6Lg/o.jpg", "name": "Baby"}