{"id": "badger-vs-hawk-melbourne", "rating": 4.0, "coordinates": {"longitude": 144.9595642, "latitude": -37.8109779}, "is_claimed": false, "hours": [{"is_open_now": false, "open": [{"is_overnight": false, "day": 0, "start": "0800", "end": "1500"}, {"is_overnight": false, "day": 1, "start": "0800", "end": "1500"}, {"is_overnight": false, "day": 2, "start": "0800", "end": "1500"}, {"is_overnight": false, "day": 3, "start": "0800", "end": "1500"}, {"is_overnight": false, "day": 4, "start": "0800", "end": "2200"}], "hours_type": "REGULAR"}], "photos": ["https://s3-media2.fl.yelpcdn.com/bphoto/9DmB3ZY5gJQ9q39S6M_gUg/o.jpg", "https://s3-media1.fl.yelpcdn.com/bphoto/XavzioWzRnjGg3UmnuDUSQ/o.jpg", "https://s3-media4.fl.yelpcdn.com/bphoto/JltcD8O2PHPgHHXynXkAdw/o.jpg"], "review_count": 10, "price": "$", "term": "restaurants", "url": "https://www.yelp.com/biz/badger-vs-hawk-melbourne?adjust_creative=92p07_JjKyriZTQxAXRiKQ&utm_campaign=yelp_api_v3&utm_medium=api_v3_business_lookup&utm_source=92p07_JjKyriZTQxAXRiKQ", "categories": [{"alias": "cafes", "title": "Cafes"}, {"alias": "burgers", "title": "Burgers"}], "location": {"address3": "", "zip_code": "3000", "address1": "333 La Trobe St", "address2": "", "city": "Melbourne", "state": "VIC", "country": "AU"}, "is_closed": false, "phone": "+61466699900", "image_url": "https://s3-media4.fl.yelpcdn.com/bphoto/9DmB3ZY5gJQ9q39S6M_gUg/o.jpg", "name": "Badger Vs Hawk"}