{"id": "baget-russell-street-melbourne", "rating": 4.0, "coordinates": {"longitude": 144.968524627363, "latitude": -37.813300951239}, "is_claimed": true, "hours": [{"is_open_now": false, "open": [{"is_overnight": false, "day": 0, "start": "1030", "end": "1830"}, {"is_overnight": false, "day": 1, "start": "1030", "end": "1830"}, {"is_overnight": false, "day": 2, "start": "1030", "end": "1830"}, {"is_overnight": false, "day": 3, "start": "1030", "end": "1830"}, {"is_overnight": false, "day": 4, "start": "1030", "end": "1830"}, {"is_overnight": false, "day": 5, "start": "1030", "end": "1530"}, {"is_overnight": false, "day": 6, "start": "1030", "end": "1530"}], "hours_type": "REGULAR"}], "photos": ["https://s3-media1.fl.yelpcdn.com/bphoto/Nnm_kr1L_yhyvV-SDuTTmg/o.jpg", "https://s3-media2.fl.yelpcdn.com/bphoto/wNyQYGi3DJHSNMhs5ihbNQ/o.jpg", "https://s3-media3.fl.yelpcdn.com/bphoto/BFAPhvzqDlPRzFkOatQWMA/o.jpg"], "review_count": 8, "price": "$", "term": "restaurants", "url": "https://www.yelp.com/biz/baget-russell-street-melbourne?adjust_creative=92p07_JjKyriZTQxAXRiKQ&utm_campaign=yelp_api_v3&utm_medium=api_v3_business_lookup&utm_source=92p07_JjKyriZTQxAXRiKQ", "categories": [{"alias": "vietnamese", "title": "Vietnamese"}, {"alias": "bakeries", "title": "Bakeries"}], "location": {"address3": "", "zip_code": "3000", "address1": "132 Russell St", "address2": "", "city": "Melbourne", "state": "VIC", "country": "AU"}, "is_closed": false, "phone": "+61396395035", "image_url": "https://s3-media1.fl.yelpcdn.com/bphoto/Nnm_kr1L_yhyvV-SDuTTmg/o.jpg", "name": "Ba'get - Russell Street"}