{"id": "bar-lourinh\u00e3-melbourne-2", "rating": 3.5, "coordinates": {"longitude": 144.9724731, "latitude": -37.8127594}, "is_claimed": false, "hours": [{"is_open_now": false, "open": [{"is_overnight": false, "day": 0, "start": "1200", "end": "2300"}, {"is_overnight": false, "day": 1, "start": "1200", "end": "2300"}, {"is_overnight": false, "day": 2, "start": "1200", "end": "2300"}, {"is_overnight": false, "day": 3, "start": "1200", "end": "2300"}, {"is_overnight": true, "day": 4, "start": "1200", "end": "0100"}, {"is_overnight": true, "day": 5, "start": "1600", "end": "0100"}], "hours_type": "REGULAR"}], "photos": ["https://s3-media2.fl.yelpcdn.com/bphoto/cgX_ZcRRH-uDXVeqHVHgvQ/o.jpg", "https://s3-media3.fl.yelpcdn.com/bphoto/ystfavrwNvqyOdmRpSm9FQ/o.jpg", "https://s3-media4.fl.yelpcdn.com/bphoto/hvxXEvJBqISLkMslgJlklg/o.jpg"], "review_count": 13, "price": "$$", "term": "restaurants", "url": "https://www.yelp.com/biz/bar-lourinh%C3%A3-melbourne-2?adjust_creative=92p07_JjKyriZTQxAXRiKQ&utm_campaign=yelp_api_v3&utm_medium=api_v3_business_lookup&utm_source=92p07_JjKyriZTQxAXRiKQ", "categories": [{"alias": "bars", "title": "Bars"}, {"alias": "tapasmallplates", "title": "Tapas/Small Plates"}, {"alias": "mediterranean", "title": "Mediterranean"}], "location": {"address3": null, "zip_code": "3000", "address1": "37 Little Collins St", "address2": null, "city": "Melbourne", "state": "VIC", "country": "AU"}, "is_closed": false, "phone": "+61396637890", "image_url": "https://s3-media1.fl.yelpcdn.com/bphoto/cgX_ZcRRH-uDXVeqHVHgvQ/o.jpg", "name": "Bar Lourinh\u00e3"}