{"price": "\u00a3\u00a3\u00a3", "rating": 4.0, "coordinates": {"longitude": -2.9989551, "latitude": 53.41276}, "is_claimed": false, "photos": ["https://s3-media3.fl.yelpcdn.com/bphoto/549CqGRtnU48J6E8OORTUw/o.jpg", "https://s3-media1.fl.yelpcdn.com/bphoto/t5G6-iEu6EQ9sng8zTNJbw/o.jpg", "https://s3-media2.fl.yelpcdn.com/bphoto/D9F8kOu-n1Yu0TiRnba20g/o.jpg"], "review_count": 4, "id": "bacchus-taverna-liverpool", "term": "restaurants", "url": "https://www.yelp.com/biz/bacchus-taverna-liverpool?adjust_creative=92p07_JjKyriZTQxAXRiKQ&utm_campaign=yelp_api_v3&utm_medium=api_v3_business_lookup&utm_source=92p07_JjKyriZTQxAXRiKQ", "categories": [{"alias": "greek", "title": "Greek"}, {"alias": "mediterranean", "title": "Mediterranean"}], "location": {"address3": "", "zip_code": "L3 7BB", "address1": "14 Waterloo Rd", "address2": "", "city": "Liverpool", "state": "XMS", "country": "GB"}, "is_closed": false, "phone": "+441512551661", "image_url": "https://s3-media4.fl.yelpcdn.com/bphoto/549CqGRtnU48J6E8OORTUw/o.jpg", "name": "Bacchus Taverna"}