{"price": "\u00a3\u00a3", "rating": 4.5, "coordinates": {"longitude": -2.9906023, "latitude": 53.405693}, "is_claimed": false, "hours": [{"is_open_now": false, "open": [{"is_overnight": false, "day": 0, "end": "1500", "start": "1130"}, {"is_overnight": false, "day": 1, "end": "1500", "start": "1130"}, {"is_overnight": false, "day": 1, "end": "2300", "start": "1730"}, {"is_overnight": false, "day": 2, "end": "1500", "start": "1130"}, {"is_overnight": false, "day": 2, "end": "2300", "start": "1730"}, {"is_overnight": false, "day": 3, "end": "1500", "start": "1130"}, {"is_overnight": false, "day": 3, "end": "2300", "start": "1730"}, {"is_overnight": false, "day": 4, "end": "1500", "start": "1130"}, {"is_overnight": false, "day": 4, "end": "2300", "start": "1730"}, {"is_overnight": false, "day": 5, "end": "1500", "start": "1130"}, {"is_overnight": false, "day": 5, "end": "2300", "start": "1730"}], "hours_type": "REGULAR"}], "photos": ["https://s3-media2.fl.yelpcdn.com/bphoto/YHrc3ZCIyGYeysh-5ABeww/o.jpg", "https://s3-media4.fl.yelpcdn.com/bphoto/_2QrD5HX7xlupq31QXeY7g/o.jpg", "https://s3-media3.fl.yelpcdn.com/bphoto/LClffAJjimDnj4vbXdCGaQ/o.jpg"], "review_count": 3, "id": "bar-italia-liverpool", "term": "restaurants", "url": "https://www.yelp.com/biz/bar-italia-liverpool?adjust_creative=92p07_JjKyriZTQxAXRiKQ&utm_campaign=yelp_api_v3&utm_medium=api_v3_business_lookup&utm_source=92p07_JjKyriZTQxAXRiKQ", "categories": [{"alias": "italian", "title": "Italian"}], "location": {"address3": "", "zip_code": "L2 7LQ", "address1": "48a Castle Street", "state": "XMS", "city": "Liverpool", "address2": "", "country": "GB"}, "is_closed": false, "phone": "", "image_url": "https://s3-media2.fl.yelpcdn.com/bphoto/YHrc3ZCIyGYeysh-5ABeww/o.jpg", "name": "Bar Italia"}