{"id": "barburrito-liverpool", "rating": 3.5, "coordinates": {"longitude": -2.9861158, "latitude": 53.4034821}, "is_claimed": true, "hours": [{"is_open_now": false, "open": [{"is_overnight": false, "day": 0, "start": "1100", "end": "2200"}, {"is_overnight": false, "day": 1, "start": "1100", "end": "2200"}, {"is_overnight": false, "day": 2, "start": "1100", "end": "2200"}, {"is_overnight": false, "day": 3, "start": "1100", "end": "2200"}, {"is_overnight": false, "day": 4, "start": "1100", "end": "2200"}, {"is_overnight": false, "day": 5, "start": "1100", "end": "2200"}, {"is_overnight": false, "day": 6, "start": "1200", "end": "2100"}], "hours_type": "REGULAR"}], "photos": ["https://s3-media3.fl.yelpcdn.com/bphoto/rp5-0smPkZ-j1wMcEch08w/o.jpg", "https://s3-media2.fl.yelpcdn.com/bphoto/hsqgp-EkE2czDO1rqXTIAg/o.jpg", "https://s3-media2.fl.yelpcdn.com/bphoto/WPQPjkW10dRNwsaJOIZ7Gg/o.jpg"], "review_count": 9, "price": "\u00a3", "term": "restaurants", "url": "https://www.yelp.com/biz/barburrito-liverpool?adjust_creative=92p07_JjKyriZTQxAXRiKQ&utm_campaign=yelp_api_v3&utm_medium=api_v3_business_lookup&utm_source=92p07_JjKyriZTQxAXRiKQ", "categories": [{"title": "Mexican", "alias": "mexican"}], "image_url": "https://s3-media4.fl.yelpcdn.com/bphoto/rp5-0smPkZ-j1wMcEch08w/o.jpg", "is_closed": false, "phone": "+441517085085", "location": {"address3": "Liverpool ONE", "zip_code": "L1 8JF", "address1": "14 Paradise Street", "state": "XMS", "city": "Liverpool", "address2": "", "country": "GB"}, "name": "Barburrito"}