{"id": "astoria-park-astoria", "rating": 4.5, "coordinates": {"longitude": -73.9225742869463, "latitude": 40.7791134274821}, "is_claimed": false, "photos": ["https://s3-media1.fl.yelpcdn.com/bphoto/JrcXwcVtt2m3udtBGMUX-w/o.jpg", "https://s3-media3.fl.yelpcdn.com/bphoto/OHhvX_-MUlZyX-TXEz2Rgg/o.jpg", "https://s3-media3.fl.yelpcdn.com/bphoto/t9TLwkB2YnNp5We_2vv-rg/o.jpg"], "review_count": 241, "term": "attractions", "url": "https://www.yelp.com/biz/astoria-park-astoria?adjust_creative=92p07_JjKyriZTQxAXRiKQ&utm_campaign=yelp_api_v3&utm_medium=api_v3_business_lookup&utm_source=92p07_JjKyriZTQxAXRiKQ", "categories": [{"alias": "parks", "title": "Parks"}], "location": {"address3": "", "zip_code": "11102", "address1": "", "state": "NY", "city": "Astoria", "address2": "", "country": "US"}, "is_closed": false, "phone": "", "image_url": "https://s3-media2.fl.yelpcdn.com/bphoto/JrcXwcVtt2m3udtBGMUX-w/o.jpg", "name": "Astoria Park"}