{"price": "$$", "rating": 3.0, "coordinates": {"longitude": 138.6257935, "latitude": -34.9471703}, "is_claimed": true, "hours": [{"is_open_now": true, "open": [{"is_overnight": false, "day": 0, "end": "0000", "start": "0700"}, {"is_overnight": true, "day": 1, "end": "0100", "start": "0700"}, {"is_overnight": true, "day": 2, "end": "0100", "start": "0700"}, {"is_overnight": true, "day": 3, "end": "0230", "start": "0700"}, {"is_overnight": true, "day": 4, "end": "0300", "start": "0700"}, {"is_overnight": true, "day": 5, "end": "0300", "start": "0700"}, {"is_overnight": false, "day": 6, "end": "0000", "start": "0700"}], "hours_type": "REGULAR"}], "photos": ["https://s3-media3.fl.yelpcdn.com/bphoto/t-PqITvKFzFubgjPZ-aRdQ/o.jpg", "https://s3-media2.fl.yelpcdn.com/bphoto/joSmig9kZvV6r1rohHp0fA/o.jpg", "https://s3-media3.fl.yelpcdn.com/bphoto/ff44Z_XjNetNnJtoNFzUSA/o.jpg"], "review_count": 13, "id": "arkaba-hotel-fullarton-2", "term": "hotels", "url": "https://www.yelp.com/biz/arkaba-hotel-fullarton-2?adjust_creative=92p07_JjKyriZTQxAXRiKQ&utm_campaign=yelp_api_v3&utm_medium=api_v3_business_lookup&utm_source=92p07_JjKyriZTQxAXRiKQ", "categories": [{"alias": "venues", "title": "Venues & Event Spaces"}, {"alias": "hotels", "title": "Hotels"}], "location": {"address3": null, "zip_code": "5063", "address1": "150 Glen Osmond Rd", "state": "SA", "city": "Fullarton", "address2": null, "country": "AU"}, "is_closed": false, "phone": "+61883381100", "image_url": "https://s3-media2.fl.yelpcdn.com/bphoto/t-PqITvKFzFubgjPZ-aRdQ/o.jpg", "name": "Arkaba Hotel"}