{"id": "australia-wide-limousine-reservation-service-canberra", "rating": 0.0, "coordinates": {"longitude": 149.12656, "latitude": -35.30655}, "is_claimed": false, "photos": [], "review_count": 0, "term": "hotels", "url": "https://www.yelp.com/biz/australia-wide-limousine-reservation-service-canberra?adjust_creative=92p07_JjKyriZTQxAXRiKQ&utm_campaign=yelp_api_v3&utm_medium=api_v3_business_lookup&utm_source=92p07_JjKyriZTQxAXRiKQ", "categories": [{"title": "Transportation", "alias": "transport"}], "image_url": "", "is_closed": false, "phone": "+611800674142", "location": {"address3": null, "zip_code": "2601", "address1": "", "state": "ACT", "city": "Canberra", "address2": null, "country": "AU"}, "name": "Australia Wide Limousine Reservation Service"}