{"id": "ann-arbor-bed-and-breakfast-ann-arbor", "rating": 4.0, "coordinates": {"longitude": -83.73747, "latitude": 42.28154}, "is_claimed": true, "hours": [{"is_open_now": false, "open": [{"is_overnight": false, "day": 0, "start": "0800", "end": "2300"}], "hours_type": "REGULAR"}], "photos": ["https://s3-media3.fl.yelpcdn.com/bphoto/lvNP36HoiQHwVdvNYvMhWw/o.jpg", "https://s3-media2.fl.yelpcdn.com/bphoto/kIfKIBQdkkV94w-es_MmPw/o.jpg", "https://s3-media1.fl.yelpcdn.com/bphoto/mvn0fH6JYOmuNREa2Zj4BA/o.jpg"], "review_count": 13, "term": "attractions", "url": "https://www.yelp.com/biz/ann-arbor-bed-and-breakfast-ann-arbor?adjust_creative=92p07_JjKyriZTQxAXRiKQ&utm_campaign=yelp_api_v3&utm_medium=api_v3_business_lookup&utm_source=92p07_JjKyriZTQxAXRiKQ", "categories": [{"alias": "bedbreakfast", "title": "Bed & Breakfast"}], "location": {"address3": "", "zip_code": "48104", "address1": "921 E Huron St", "address2": null, "city": "Ann Arbor", "state": "MI", "country": "US"}, "is_closed": false, "phone": "+17349949100", "image_url": "https://s3-media2.fl.yelpcdn.com/bphoto/lvNP36HoiQHwVdvNYvMhWw/o.jpg", "name": "Ann Arbor Bed and Breakfast"}