{"price": "$$", "rating": 5.0, "coordinates": {"longitude": -83.7471609, "latitude": 42.2976559}, "is_claimed": true, "hours": [{"is_open_now": false, "open": [{"is_overnight": false, "end": "1700", "start": "0900", "day": 0}, {"is_overnight": false, "end": "1700", "start": "0900", "day": 1}, {"is_overnight": false, "end": "1700", "start": "0900", "day": 2}, {"is_overnight": false, "end": "1700", "start": "0900", "day": 3}, {"is_overnight": false, "end": "1700", "start": "0900", "day": 4}], "hours_type": "REGULAR"}], "photos": ["https://s3-media4.fl.yelpcdn.com/bphoto/HCellS_5vFWVRCI7MJ43Zw/o.jpg", "https://s3-media1.fl.yelpcdn.com/bphoto/u8ZlD-C1apf05-0D-Pu-pg/o.jpg", "https://s3-media4.fl.yelpcdn.com/bphoto/ZFD1RDZwxV-hjQ_vgTIEOA/o.jpg"], "review_count": 4, "id": "ann-arbor-symphony-orchestra-ann-arbor", "term": "attractions", "url": "https://www.yelp.com/biz/ann-arbor-symphony-orchestra-ann-arbor?adjust_creative=92p07_JjKyriZTQxAXRiKQ&utm_campaign=yelp_api_v3&utm_medium=api_v3_business_lookup&utm_source=92p07_JjKyriZTQxAXRiKQ", "categories": [{"title": "Music Venues", "alias": "musicvenues"}, {"title": "Performing Arts", "alias": "theater"}], "image_url": "https://s3-media1.fl.yelpcdn.com/bphoto/HCellS_5vFWVRCI7MJ43Zw/o.jpg", "is_closed": false, "phone": "+17349944801", "location": {"address3": "", "zip_code": "48103", "address1": "35 Research Dr", "address2": "Ste 100", "city": "Ann Arbor", "state": "MI", "country": "US"}, "name": "Ann Arbor Symphony Orchestra"}