{"id": "ann-arbor-hands-on-museum-ann-arbor", "rating": 4.0, "coordinates": {"longitude": -83.7465144971187, "latitude": 42.2819386899529}, "is_claimed": true, "hours": [{"is_open_now": false, "open": [{"is_overnight": false, "end": "1700", "start": "1000", "day": 0}, {"is_overnight": false, "end": "1700", "start": "0900", "day": 1}, {"is_overnight": false, "end": "1700", "start": "1000", "day": 2}, {"is_overnight": false, "end": "2000", "start": "1000", "day": 3}, {"is_overnight": false, "end": "1700", "start": "1000", "day": 4}, {"is_overnight": false, "end": "1700", "start": "1000", "day": 5}, {"is_overnight": false, "end": "1700", "start": "1200", "day": 6}], "hours_type": "REGULAR"}], "photos": ["https://s3-media2.fl.yelpcdn.com/bphoto/_ThnQtd34JmNkjnzmECNsg/o.jpg", "https://s3-media2.fl.yelpcdn.com/bphoto/fG98hnQrCSKBhhUfSmiEug/o.jpg", "https://s3-media3.fl.yelpcdn.com/bphoto/2AZkltQQNELT3uUIWv10WA/o.jpg"], "review_count": 48, "term": "attractions", "url": "https://www.yelp.com/biz/ann-arbor-hands-on-museum-ann-arbor?adjust_creative=92p07_JjKyriZTQxAXRiKQ&utm_campaign=yelp_api_v3&utm_medium=api_v3_business_lookup&utm_source=92p07_JjKyriZTQxAXRiKQ", "categories": [{"title": "Museums", "alias": "museums"}], "image_url": "https://s3-media1.fl.yelpcdn.com/bphoto/_ThnQtd34JmNkjnzmECNsg/o.jpg", "is_closed": false, "phone": "+17349955439", "location": {"address3": "", "zip_code": "48104", "address1": "220 E Ann St", "address2": "", "city": "Ann Arbor", "state": "MI", "country": "US"}, "name": "Ann Arbor Hands-On Museum"}