{"id": "aum-yoga-ann-arbor-3", "rating": 5.0, "coordinates": {"longitude": -83.73343, "latitude": 42.2747699}, "is_claimed": false, "hours": [{"is_open_now": false, "open": [{"is_overnight": false, "end": "2200", "start": "1000", "day": 0}, {"is_overnight": false, "end": "2200", "start": "1000", "day": 1}, {"is_overnight": false, "end": "2200", "start": "1000", "day": 2}, {"is_overnight": false, "end": "2200", "start": "1000", "day": 3}, {"is_overnight": false, "end": "2200", "start": "1000", "day": 4}, {"is_overnight": false, "end": "2200", "start": "1000", "day": 5}, {"is_overnight": false, "end": "2200", "start": "1000", "day": 6}], "hours_type": "REGULAR"}], "photos": ["https://s3-media3.fl.yelpcdn.com/bphoto/NJNPP3VJw8DtrMvLO5rXfQ/o.jpg"], "review_count": 1, "term": "attractions", "url": "https://www.yelp.com/biz/aum-yoga-ann-arbor-3?adjust_creative=92p07_JjKyriZTQxAXRiKQ&utm_campaign=yelp_api_v3&utm_medium=api_v3_business_lookup&utm_source=92p07_JjKyriZTQxAXRiKQ", "categories": [{"title": "Yoga", "alias": "yoga"}], "image_url": "https://s3-media3.fl.yelpcdn.com/bphoto/NJNPP3VJw8DtrMvLO5rXfQ/o.jpg", "is_closed": false, "phone": "+17347077419", "location": {"address3": "", "zip_code": "48104", "address1": "1220 South University", "address2": "Ste 215", "city": "Ann Arbor", "state": "MI", "country": "US"}, "name": "Aum Yoga"}