{"id": "aquila-caffe-bar-brisbane", "rating": 4.5, "coordinates": {"longitude": 153.0296631, "latitude": -27.4677486}, "is_claimed": false, "photos": ["https://s3-media2.fl.yelpcdn.com/bphoto/VvwpltOPlYrkAA8q4Koe7A/o.jpg", "https://s3-media3.fl.yelpcdn.com/bphoto/dJccR3x1MHMNvSLEOONgNg/o.jpg", "https://s3-media2.fl.yelpcdn.com/bphoto/6k--9Zb59S6U64VLSRpJdQ/o.jpg"], "review_count": 6, "price": "$$", "term": "restaurants", "url": "https://www.yelp.com/biz/aquila-caffe-bar-brisbane?adjust_creative=92p07_JjKyriZTQxAXRiKQ&utm_campaign=yelp_api_v3&utm_medium=api_v3_business_lookup&utm_source=92p07_JjKyriZTQxAXRiKQ", "categories": [{"title": "Cafes", "alias": "cafes"}], "location": {"address3": null, "zip_code": "4000", "address1": "82 Eagle St", "address2": null, "city": "Brisbane", "state": "QLD", "country": "AU"}, "is_closed": false, "phone": "+61732212228", "image_url": "https://s3-media3.fl.yelpcdn.com/bphoto/VvwpltOPlYrkAA8q4Koe7A/o.jpg", "name": "Aquila Caffe Bar"}