{"price": "$", "rating": 4.5, "coordinates": {"longitude": 153.025644307157, "latitude": -27.4693772325645}, "is_claimed": false, "hours": [{"is_open_now": true, "open": [{"is_overnight": false, "end": "1800", "start": "0700", "day": 0}, {"is_overnight": false, "end": "1800", "start": "0700", "day": 1}, {"is_overnight": false, "end": "1800", "start": "0700", "day": 2}, {"is_overnight": false, "end": "1800", "start": "0700", "day": 3}, {"is_overnight": false, "end": "2030", "start": "0700", "day": 4}, {"is_overnight": false, "end": "1800", "start": "0900", "day": 5}, {"is_overnight": false, "end": "1600", "start": "1000", "day": 6}], "hours_type": "REGULAR"}], "photos": ["https://s3-media3.fl.yelpcdn.com/bphoto/Ywgxc8TE24hGoQm_rFpnWQ/o.jpg", "https://s3-media2.fl.yelpcdn.com/bphoto/DzFlL39S02qmkZ5ouQcF-w/o.jpg", "https://s3-media1.fl.yelpcdn.com/bphoto/m0UuZdDrE_RZjCBFeQoX1A/o.jpg"], "review_count": 6, "id": "aromas-regent-brisbane", "term": "restaurants", "url": "https://www.yelp.com/biz/aromas-regent-brisbane?adjust_creative=92p07_JjKyriZTQxAXRiKQ&utm_campaign=yelp_api_v3&utm_medium=api_v3_business_lookup&utm_source=92p07_JjKyriZTQxAXRiKQ", "categories": [{"alias": "cafes", "title": "Cafes"}], "location": {"address3": "", "zip_code": "4000", "address1": "167 Queen Street Mall", "state": "QLD", "city": "Brisbane", "address2": "", "country": "AU"}, "is_closed": false, "phone": "+61732294041", "image_url": "https://s3-media3.fl.yelpcdn.com/bphoto/Ywgxc8TE24hGoQm_rFpnWQ/o.jpg", "name": "Aromas Regent"}