{"id": "atticus-finch-brisbane", "rating": 4.0, "coordinates": {"longitude": 152.9990997, "latitude": -27.4584999}, "is_claimed": true, "hours": [{"is_open_now": false, "open": [{"is_overnight": false, "day": 0, "start": "0630", "end": "1400"}, {"is_overnight": false, "day": 1, "start": "0630", "end": "1400"}, {"is_overnight": false, "day": 2, "start": "0630", "end": "1400"}, {"is_overnight": false, "day": 3, "start": "0630", "end": "1400"}, {"is_overnight": false, "day": 4, "start": "0630", "end": "2000"}, {"is_overnight": false, "day": 5, "start": "0700", "end": "2000"}, {"is_overnight": false, "day": 6, "start": "0630", "end": "1400"}], "hours_type": "REGULAR"}], "photos": ["https://s3-media3.fl.yelpcdn.com/bphoto/VA6jiIn8S5JR6FWkwq42Pw/o.jpg", "https://s3-media1.fl.yelpcdn.com/bphoto/7JRgT_UbdztpEiDEt6N9EQ/o.jpg", "https://s3-media1.fl.yelpcdn.com/bphoto/GFgb7UhO5M-RXSkaxR6B2A/o.jpg"], "review_count": 6, "price": "$$", "term": "restaurants", "url": "https://www.yelp.com/biz/atticus-finch-brisbane?adjust_creative=92p07_JjKyriZTQxAXRiKQ&utm_campaign=yelp_api_v3&utm_medium=api_v3_business_lookup&utm_source=92p07_JjKyriZTQxAXRiKQ", "categories": [{"alias": "coffee", "title": "Coffee & Tea"}, {"alias": "breakfast_brunch", "title": "Breakfast & Brunch"}, {"alias": "cafes", "title": "Cafes"}], "location": {"address3": "", "zip_code": "4064", "address1": "83 Latrobe Terrace", "address2": "", "city": "Brisbane", "state": "QLD", "country": "AU"}, "is_closed": false, "phone": "+61733672448", "image_url": "https://s3-media3.fl.yelpcdn.com/bphoto/VA6jiIn8S5JR6FWkwq42Pw/o.jpg", "name": "Atticus Finch"}