{"price": "$$", "rating": 4.5, "coordinates": {"longitude": 153.0391813, "latitude": -27.4844085}, "is_claimed": false, "photos": ["https://s3-media2.fl.yelpcdn.com/bphoto/PvpO37OPrTON36qtjSwsKQ/o.jpg", "https://s3-media2.fl.yelpcdn.com/bphoto/HH7sbEoPbs6Jf-PcO8lFVA/o.jpg", "https://s3-media3.fl.yelpcdn.com/bphoto/Q2fx2xyh_q1zI-o6vrDhSg/o.jpg"], "review_count": 3, "id": "banana-leaf-thai-brisbane", "term": "restaurants", "url": "https://www.yelp.com/biz/banana-leaf-thai-brisbane?adjust_creative=92p07_JjKyriZTQxAXRiKQ&utm_campaign=yelp_api_v3&utm_medium=api_v3_business_lookup&utm_source=92p07_JjKyriZTQxAXRiKQ", "categories": [{"title": "Thai", "alias": "thai"}], "image_url": "https://s3-media3.fl.yelpcdn.com/bphoto/PvpO37OPrTON36qtjSwsKQ/o.jpg", "is_closed": false, "phone": "+61733921006", "location": {"address3": "", "zip_code": "4169", "address1": "Unit 4", "address2": "121 Wellington Rd", "city": "Brisbane", "state": "QLD", "country": "AU"}, "name": "Banana Leaf Thai"}