{"id": "aria-restaurant-sydney-sydney", "rating": 3.5, "coordinates": {"longitude": 151.213177, "latitude": -33.859173}, "is_claimed": true, "hours": [{"is_open_now": false, "open": [{"is_overnight": false, "day": 0, "start": "1200", "end": "1430"}, {"is_overnight": false, "day": 0, "start": "1730", "end": "2300"}, {"is_overnight": false, "day": 1, "start": "1200", "end": "1430"}, {"is_overnight": false, "day": 1, "start": "1730", "end": "2300"}, {"is_overnight": false, "day": 2, "start": "1200", "end": "1430"}, {"is_overnight": false, "day": 2, "start": "1730", "end": "2300"}, {"is_overnight": false, "day": 3, "start": "1200", "end": "1430"}, {"is_overnight": false, "day": 3, "start": "1730", "end": "2300"}, {"is_overnight": false, "day": 4, "start": "1200", "end": "1430"}, {"is_overnight": false, "day": 4, "start": "1730", "end": "2300"}, {"is_overnight": false, "day": 5, "start": "1700", "end": "2300"}, {"is_overnight": false, "day": 6, "start": "1800", "end": "2200"}], "hours_type": "REGULAR"}], "photos": ["https://s3-media2.fl.yelpcdn.com/bphoto/hxspCdINNbPmup_ChKIXyg/o.jpg", "https://s3-media3.fl.yelpcdn.com/bphoto/lVHr-xAzQDzeExfx6_VrmQ/o.jpg", "https://s3-media2.fl.yelpcdn.com/bphoto/KXrPepwSaLLzjUtzhavi5g/o.jpg"], "review_count": 54, "price": "$$$$", "term": "restaurants", "url": "https://www.yelp.com/biz/aria-restaurant-sydney-sydney?adjust_creative=92p07_JjKyriZTQxAXRiKQ&utm_campaign=yelp_api_v3&utm_medium=api_v3_business_lookup&utm_source=92p07_JjKyriZTQxAXRiKQ", "categories": [{"alias": "modern_australian", "title": "Modern Australian"}], "location": {"address3": null, "zip_code": "2000", "address1": "1 Macquarie St", "address2": null, "city": "Sydney", "state": "NSW", "country": "AU"}, "is_closed": false, "phone": "+61292522555", "image_url": "https://s3-media2.fl.yelpcdn.com/bphoto/hxspCdINNbPmup_ChKIXyg/o.jpg", "name": "ARIA Restaurant Sydney"}