{"id": "arisun-express-sydney-2", "rating": 4.0, "coordinates": {"longitude": 151.206665, "latitude": -33.8768082}, "is_claimed": false, "hours": [{"is_open_now": false, "open": [{"is_overnight": false, "day": 0, "start": "1100", "end": "1500"}, {"is_overnight": false, "day": 1, "start": "1100", "end": "1500"}, {"is_overnight": false, "day": 2, "start": "1100", "end": "1500"}, {"is_overnight": false, "day": 3, "start": "1100", "end": "1500"}, {"is_overnight": false, "day": 4, "start": "1100", "end": "1500"}, {"is_overnight": false, "day": 5, "start": "1100", "end": "1500"}, {"is_overnight": false, "day": 6, "start": "1100", "end": "1200"}], "hours_type": "REGULAR"}], "photos": ["https://s3-media3.fl.yelpcdn.com/bphoto/aq5oOIAhgqKAbFSWiQ5EfA/o.jpg", "https://s3-media4.fl.yelpcdn.com/bphoto/m4PsjHmmB2d0L8_G4ZPrqQ/o.jpg", "https://s3-media3.fl.yelpcdn.com/bphoto/zu0JCNgG0ZkKM_dJpb8k4A/o.jpg"], "review_count": 7, "price": "$$", "term": "restaurants", "url": "https://www.yelp.com/biz/arisun-express-sydney-2?adjust_creative=92p07_JjKyriZTQxAXRiKQ&utm_campaign=yelp_api_v3&utm_medium=api_v3_business_lookup&utm_source=92p07_JjKyriZTQxAXRiKQ", "categories": [{"alias": "korean", "title": "Korean"}, {"alias": "asianfusion", "title": "Asian Fusion"}], "location": {"address3": "", "zip_code": "2000", "address1": "91-95 Liverpool St", "address2": "", "city": "Sydney", "state": "NSW", "country": "AU"}, "is_closed": false, "phone": "+61285402903", "image_url": "https://s3-media1.fl.yelpcdn.com/bphoto/aq5oOIAhgqKAbFSWiQ5EfA/o.jpg", "name": "Arisun Express"}