{"id": "ass\u00e1mm-sydney-2", "rating": 3.5, "coordinates": {"longitude": 151.2067029, "latitude": -33.8717618}, "is_claimed": false, "hours": [{"is_open_now": true, "open": [{"is_overnight": false, "day": 0, "start": "1100", "end": "2000"}, {"is_overnight": false, "day": 1, "start": "1100", "end": "2000"}, {"is_overnight": false, "day": 2, "start": "1100", "end": "2000"}, {"is_overnight": false, "day": 3, "start": "1100", "end": "2200"}, {"is_overnight": false, "day": 4, "start": "1100", "end": "2100"}, {"is_overnight": false, "day": 5, "start": "1100", "end": "2100"}, {"is_overnight": false, "day": 6, "start": "1100", "end": "2000"}], "hours_type": "REGULAR"}], "photos": ["https://s3-media2.fl.yelpcdn.com/bphoto/g-UkyIZEnab1Uk1vgO1JtA/o.jpg", "https://s3-media2.fl.yelpcdn.com/bphoto/KQeQRTQ7fxj44J6v5kysWQ/o.jpg", "https://s3-media3.fl.yelpcdn.com/bphoto/i5-poO7hloNtHkp2mkXnQg/o.jpg"], "review_count": 6, "price": "$$", "term": "restaurants", "url": "https://www.yelp.com/biz/ass%C3%A1mm-sydney-2?adjust_creative=92p07_JjKyriZTQxAXRiKQ&utm_campaign=yelp_api_v3&utm_medium=api_v3_business_lookup&utm_source=92p07_JjKyriZTQxAXRiKQ", "categories": [{"alias": "thai", "title": "Thai"}], "location": {"address3": "", "zip_code": "2000", "address1": "Shop 17, Level LG 2, Queen Victoria Building", "address2": "455 George St", "city": "Sydney", "state": "NSW", "country": "AU"}, "is_closed": false, "phone": "+61292610204", "image_url": "https://s3-media1.fl.yelpcdn.com/bphoto/g-UkyIZEnab1Uk1vgO1JtA/o.jpg", "name": "Ass\u00e1mm"}