{"price": "$$", "rating": 3.0, "coordinates": {"longitude": 151.1411591, "latitude": -33.9201088}, "is_claimed": false, "hours": [{"is_open_now": true, "open": [{"is_overnight": false, "day": 0, "start": "0900", "end": "2200"}, {"is_overnight": false, "day": 1, "start": "0900", "end": "2200"}, {"is_overnight": false, "day": 2, "start": "0900", "end": "2200"}, {"is_overnight": false, "day": 3, "start": "0900", "end": "2200"}, {"is_overnight": false, "day": 4, "start": "0900", "end": "2200"}, {"is_overnight": false, "day": 5, "start": "0730", "end": "2230"}, {"is_overnight": false, "day": 6, "start": "0730", "end": "2230"}], "hours_type": "REGULAR"}], "photos": ["https://s3-media1.fl.yelpcdn.com/bphoto/X3cOCFW5TV-zM86CQohzIg/o.jpg", "https://s3-media1.fl.yelpcdn.com/bphoto/2XgEtUDxxrhP7SGl-gqEyw/o.jpg", "https://s3-media2.fl.yelpcdn.com/bphoto/AUB2fy80JYNkDWRKrkKDqg/o.jpg"], "review_count": 34, "id": "baia-the-italian-sydney", "term": "restaurants", "url": "https://www.yelp.com/biz/baia-the-italian-sydney?adjust_creative=92p07_JjKyriZTQxAXRiKQ&utm_campaign=yelp_api_v3&utm_medium=api_v3_business_lookup&utm_source=92p07_JjKyriZTQxAXRiKQ", "categories": [{"alias": "italian", "title": "Italian"}], "location": {"address3": "", "zip_code": "2000", "address1": "Cockle Bay Whrf", "address2": "Shop 114", "city": "Sydney", "state": "NSW", "country": "AU"}, "is_closed": false, "phone": "+61292833434", "image_url": "https://s3-media4.fl.yelpcdn.com/bphoto/X3cOCFW5TV-zM86CQohzIg/o.jpg", "name": "Baia The Italian"}