{"id": "baker-bros-sydney", "rating": 4.0, "coordinates": {"longitude": 151.20643, "latitude": -33.86982}, "is_claimed": true, "hours": [{"is_open_now": false, "open": [{"is_overnight": false, "day": 0, "start": "0700", "end": "1600"}, {"is_overnight": false, "day": 1, "start": "0700", "end": "1600"}, {"is_overnight": false, "day": 2, "start": "0700", "end": "1600"}, {"is_overnight": false, "day": 3, "start": "0700", "end": "2130"}, {"is_overnight": false, "day": 4, "start": "0700", "end": "2130"}, {"is_overnight": false, "day": 5, "start": "0800", "end": "1500"}], "hours_type": "REGULAR"}], "photos": ["https://s3-media1.fl.yelpcdn.com/bphoto/Ul3atGyR4Co2SOqFW-tqWw/o.jpg", "https://s3-media3.fl.yelpcdn.com/bphoto/Z56ebY0FZqCtRskFeq6Riw/o.jpg", "https://s3-media1.fl.yelpcdn.com/bphoto/8RM2G9qB00jSnUk_mf6CNA/o.jpg"], "review_count": 21, "price": "$", "term": "restaurants", "url": "https://www.yelp.com/biz/baker-bros-sydney?adjust_creative=92p07_JjKyriZTQxAXRiKQ&utm_campaign=yelp_api_v3&utm_medium=api_v3_business_lookup&utm_source=92p07_JjKyriZTQxAXRiKQ", "categories": [{"alias": "cafes", "title": "Cafes"}, {"alias": "sandwiches", "title": "Sandwiches"}, {"alias": "breakfast_brunch", "title": "Breakfast & Brunch"}], "location": {"address3": "", "zip_code": "2000", "address1": "Shop 1", "address2": "56-58 York St", "city": "Sydney", "state": "NSW", "country": "AU"}, "is_closed": false, "phone": "+61292623884", "image_url": "https://s3-media4.fl.yelpcdn.com/bphoto/Ul3atGyR4Co2SOqFW-tqWw/o.jpg", "name": "Baker Bros"}