{"id": "balmoral-boatshed-kiosk-sydney", "rating": 3.0, "coordinates": {"longitude": 151.2526855, "latitude": -33.8279152}, "is_claimed": false, "hours": [{"is_open_now": true, "open": [{"is_overnight": false, "day": 0, "end": "1900", "start": "0700"}, {"is_overnight": false, "day": 1, "end": "1900", "start": "0700"}, {"is_overnight": false, "day": 2, "end": "1900", "start": "0700"}, {"is_overnight": false, "day": 3, "end": "1900", "start": "0700"}, {"is_overnight": false, "day": 4, "end": "1900", "start": "0700"}, {"is_overnight": false, "day": 5, "end": "1900", "start": "0700"}, {"is_overnight": false, "day": 6, "end": "1900", "start": "0700"}], "hours_type": "REGULAR"}], "photos": ["https://s3-media1.fl.yelpcdn.com/bphoto/KunUBD_SGY660xeD6o80_w/o.jpg", "https://s3-media2.fl.yelpcdn.com/bphoto/MkgQMBtNqkxZ1oDzEzfcug/o.jpg", "https://s3-media1.fl.yelpcdn.com/bphoto/7qD4qSBsJzP0cVOWL_ExFQ/o.jpg"], "review_count": 4, "price": "$$$$", "term": "restaurants", "url": "https://www.yelp.com/biz/balmoral-boatshed-kiosk-sydney?adjust_creative=92p07_JjKyriZTQxAXRiKQ&utm_campaign=yelp_api_v3&utm_medium=api_v3_business_lookup&utm_source=92p07_JjKyriZTQxAXRiKQ", "categories": [{"title": "Cafes", "alias": "cafes"}], "location": {"address3": "", "zip_code": "2088", "address1": "2 The Esplanade", "address2": "", "city": "Sydney", "state": "NSW", "country": "AU"}, "is_closed": false, "phone": "+61299684412", "image_url": "https://s3-media4.fl.yelpcdn.com/bphoto/KunUBD_SGY660xeD6o80_w/o.jpg", "name": "Balmoral Boatshed Kiosk"}