{"price": "$", "rating": 4.5, "coordinates": {"longitude": 151.2089844, "latitude": -33.866291}, "is_claimed": false, "photos": ["https://s3-media3.fl.yelpcdn.com/bphoto/7hvTSYhKHq9FXPvIPGeFrg/o.jpg", "https://s3-media2.fl.yelpcdn.com/bphoto/n0WXqKUofz5-XcYMlqY7kg/o.jpg", "https://s3-media2.fl.yelpcdn.com/bphoto/rctbtwLJ7EdQKMDMg51FIA/o.jpg"], "review_count": 7, "id": "bar-pronto-sydney", "term": "restaurants", "url": "https://www.yelp.com/biz/bar-pronto-sydney?adjust_creative=92p07_JjKyriZTQxAXRiKQ&utm_campaign=yelp_api_v3&utm_medium=api_v3_business_lookup&utm_source=92p07_JjKyriZTQxAXRiKQ", "categories": [{"title": "Cafes", "alias": "cafes"}], "image_url": "https://s3-media3.fl.yelpcdn.com/bphoto/7hvTSYhKHq9FXPvIPGeFrg/o.jpg", "is_closed": false, "phone": "+61292380611", "location": {"address3": null, "zip_code": "2000", "address1": "Shp2/ 72 Pitt St", "address2": null, "city": "Sydney", "state": "NSW", "country": "AU"}, "name": "Bar Pronto"}