{"price": "$$", "rating": 4.0, "coordinates": {"longitude": 151.21204, "latitude": -33.86409}, "is_claimed": false, "photos": ["https://s3-media1.fl.yelpcdn.com/bphoto/EelTQdk82OHH8HQ11MOIDQ/o.jpg", "https://s3-media3.fl.yelpcdn.com/bphoto/pX2ps5Ijww5kx2AzpYuPAw/o.jpg", "https://s3-media2.fl.yelpcdn.com/bphoto/O418jG7uswk76bXoO_HNTQ/o.jpg"], "review_count": 34, "id": "bar-luca-sydney", "term": "restaurants", "url": "https://www.yelp.com/biz/bar-luca-sydney?adjust_creative=92p07_JjKyriZTQxAXRiKQ&utm_campaign=yelp_api_v3&utm_medium=api_v3_business_lookup&utm_source=92p07_JjKyriZTQxAXRiKQ", "categories": [{"title": "Venues & Event Spaces", "alias": "venues"}, {"title": "Bars", "alias": "bars"}, {"title": "Burgers", "alias": "burgers"}], "image_url": "https://s3-media1.fl.yelpcdn.com/bphoto/EelTQdk82OHH8HQ11MOIDQ/o.jpg", "is_closed": false, "phone": "+61292479700", "location": {"address3": null, "zip_code": "2000", "address1": "52 Phillip St", "address2": null, "city": "Sydney", "state": "NSW", "country": "AU"}, "name": "Bar Luca"}