{"price": "\u00a3\u00a3\u00a3\u00a3", "rating": 3.5, "coordinates": {"longitude": -4.2634448, "latitude": 55.865285}, "is_claimed": false, "photos": ["https://s3-media1.fl.yelpcdn.com/bphoto/CBJThwKOAk0YlIhML6Hb1g/o.jpg", "https://s3-media1.fl.yelpcdn.com/bphoto/j0ngP80oKolNaDAbkyQC_A/o.jpg"], "review_count": 3, "id": "arteries-gallery-glasgow", "term": "attractions", "url": "https://www.yelp.com/biz/arteries-gallery-glasgow?adjust_creative=92p07_JjKyriZTQxAXRiKQ&utm_campaign=yelp_api_v3&utm_medium=api_v3_business_lookup&utm_source=92p07_JjKyriZTQxAXRiKQ", "categories": [{"alias": "galleries", "title": "Art Galleries"}], "location": {"address3": "", "zip_code": "G2 4JX", "address1": "127 Douglas Street", "address2": "", "city": "Glasgow", "state": "GLG", "country": "GB"}, "is_closed": false, "phone": "+441413330999", "image_url": "https://s3-media4.fl.yelpcdn.com/bphoto/CBJThwKOAk0YlIhML6Hb1g/o.jpg", "name": "Arteries Gallery"}