{"id": "australian-hotels-association-barton", "rating": 0.0, "coordinates": {"longitude": 149.1348267, "latitude": -35.308979}, "is_claimed": false, "photos": [], "review_count": 0, "term": "hotels", "url": "https://www.yelp.com/biz/australian-hotels-association-barton?adjust_creative=92p07_JjKyriZTQxAXRiKQ&utm_campaign=yelp_api_v3&utm_medium=api_v3_business_lookup&utm_source=92p07_JjKyriZTQxAXRiKQ", "categories": [], "location": {"address3": null, "zip_code": "2600", "address1": "24 Brisbane Ave", "address2": null, "city": "Barton", "state": "ACT", "country": "AU"}, "is_closed": false, "phone": "+61262734007", "image_url": "", "name": "Australian Hotels Association"}