{"price": "\u00a3\u00a3", "rating": 3.5, "coordinates": {"longitude": -2.2416755, "latitude": 53.4781923}, "is_claimed": true, "hours": [{"is_open_now": true, "open": [{"is_overnight": true, "day": 0, "end": "0530", "start": "0530"}, {"is_overnight": true, "day": 1, "end": "0530", "start": "0530"}, {"is_overnight": true, "day": 2, "end": "0530", "start": "0530"}, {"is_overnight": true, "day": 3, "end": "0530", "start": "0530"}, {"is_overnight": true, "day": 4, "end": "0530", "start": "0530"}, {"is_overnight": true, "day": 5, "end": "0530", "start": "0530"}, {"is_overnight": true, "day": 6, "end": "0530", "start": "0530"}], "hours_type": "REGULAR"}], "photos": ["https://s3-media4.fl.yelpcdn.com/bphoto/_V0R84hb2uWP-U-xRezTLw/o.jpg", "https://s3-media2.fl.yelpcdn.com/bphoto/7dvj53Zg3BWAuYRIrCJWug/o.jpg", "https://s3-media3.fl.yelpcdn.com/bphoto/jM8diFo88gpSR3LXx--XCQ/o.jpg"], "review_count": 4, "id": "arora-hotel-manchester-manchester-2", "term": "attractions", "url": "https://www.yelp.com/biz/arora-hotel-manchester-manchester-2?adjust_creative=92p07_JjKyriZTQxAXRiKQ&utm_campaign=yelp_api_v3&utm_medium=api_v3_business_lookup&utm_source=92p07_JjKyriZTQxAXRiKQ", "categories": [{"alias": "hotels", "title": "Hotels"}, {"alias": "bars", "title": "Bars"}], "location": {"address3": "", "zip_code": "M1 4LG", "address1": "18-24 Princess St", "state": "XGM", "city": "Manchester", "address2": "", "country": "GB"}, "is_closed": false, "phone": "+441612368999", "image_url": "https://s3-media3.fl.yelpcdn.com/bphoto/_V0R84hb2uWP-U-xRezTLw/o.jpg", "name": "Arora Hotel Manchester"}