{"id": "arisaig-glasgow-2", "rating": 3.5, "coordinates": {"longitude": -4.244886, "latitude": 55.858507}, "is_claimed": true, "hours": [{"is_open_now": false, "open": [{"is_overnight": false, "day": 0, "start": "1200", "end": "2200"}, {"is_overnight": false, "day": 1, "start": "1200", "end": "2200"}, {"is_overnight": false, "day": 2, "start": "1200", "end": "2200"}, {"is_overnight": false, "day": 3, "start": "1200", "end": "2200"}, {"is_overnight": false, "day": 4, "start": "1200", "end": "2200"}, {"is_overnight": false, "day": 5, "start": "1200", "end": "2200"}], "hours_type": "REGULAR"}], "photos": ["https://s3-media3.fl.yelpcdn.com/bphoto/zEeNbvcGJdnDkXm77T_o_Q/o.jpg", "https://s3-media2.fl.yelpcdn.com/bphoto/kwthpkrVJnBQd_5elgp-Ew/o.jpg", "https://s3-media1.fl.yelpcdn.com/bphoto/PBcTIkLamw84MjQJRcmIig/o.jpg"], "review_count": 11, "price": "\u00a3\u00a3", "term": "restaurants", "url": "https://www.yelp.com/biz/arisaig-glasgow-2?adjust_creative=92p07_JjKyriZTQxAXRiKQ&utm_campaign=yelp_api_v3&utm_medium=api_v3_business_lookup&utm_source=92p07_JjKyriZTQxAXRiKQ", "categories": [{"title": "Seafood", "alias": "seafood"}, {"title": "British", "alias": "british"}, {"title": "Vegetarian", "alias": "vegetarian"}], "image_url": "https://s3-media1.fl.yelpcdn.com/bphoto/zEeNbvcGJdnDkXm77T_o_Q/o.jpg", "is_closed": false, "phone": "+441415531010", "location": {"address3": "", "zip_code": "G1 1NY", "address1": "1 Merchant Square", "state": "GLG", "city": "Glasgow", "address2": "", "country": "GB"}, "name": "Arisaig"}