{"id": "audio-beef-by-mad-chef-glasgow", "rating": 5.0, "coordinates": {"longitude": -4.2593865, "latitude": 55.8640556}, "is_claimed": true, "photos": ["https://s3-media3.fl.yelpcdn.com/bphoto/gKPn17LSMzZZqJaPye8mnQ/o.jpg", "https://s3-media1.fl.yelpcdn.com/bphoto/Fh45_vTswZ5gYhq_qV9-7A/o.jpg", "https://s3-media2.fl.yelpcdn.com/bphoto/vnlQ-R9dAj4p8kfbGaPxhA/o.jpg"], "review_count": 7, "term": "restaurants", "url": "https://www.yelp.com/biz/audio-beef-by-mad-chef-glasgow?adjust_creative=92p07_JjKyriZTQxAXRiKQ&utm_campaign=yelp_api_v3&utm_medium=api_v3_business_lookup&utm_source=92p07_JjKyriZTQxAXRiKQ", "categories": [{"title": "Pop-up Shops", "alias": "popupshops"}, {"title": "Restaurants", "alias": "restaurants"}], "image_url": "https://s3-media1.fl.yelpcdn.com/bphoto/gKPn17LSMzZZqJaPye8mnQ/o.jpg", "is_closed": false, "phone": "", "location": {"address3": "", "zip_code": "G2 2SJ", "address1": "Bloc+", "state": "GLG", "city": "Glasgow", "address2": "117 Bath Street", "country": "GB"}, "name": "Audio Beef By Mad Chef"}