{"price": "\u00a3", "rating": 4.5, "coordinates": {"longitude": -4.2930585, "latitude": 55.876026}, "is_claimed": true, "hours": [{"is_open_now": false, "open": [{"is_overnight": false, "end": "1900", "start": "0830", "day": 0}, {"is_overnight": false, "end": "1900", "start": "0830", "day": 1}, {"is_overnight": false, "end": "1900", "start": "0830", "day": 2}, {"is_overnight": false, "end": "1900", "start": "0830", "day": 3}, {"is_overnight": false, "end": "1900", "start": "0830", "day": 4}, {"is_overnight": false, "end": "1900", "start": "0830", "day": 5}, {"is_overnight": false, "end": "1900", "start": "0830", "day": 6}], "hours_type": "REGULAR"}], "photos": ["https://s3-media2.fl.yelpcdn.com/bphoto/U_9F3XQ8K8cpbi3JW90xXQ/o.jpg", "https://s3-media2.fl.yelpcdn.com/bphoto/vkS0JKj42Pc_CjJct24SIw/o.jpg", "https://s3-media4.fl.yelpcdn.com/bphoto/OKKZ1v7hvh9IZqQYGPjdhw/o.jpg"], "review_count": 53, "id": "avenue-coffee-glasgow-3", "term": "restaurants", "url": "https://www.yelp.com/biz/avenue-coffee-glasgow-3?adjust_creative=92p07_JjKyriZTQxAXRiKQ&utm_campaign=yelp_api_v3&utm_medium=api_v3_business_lookup&utm_source=92p07_JjKyriZTQxAXRiKQ", "categories": [{"title": "Breakfast & Brunch", "alias": "breakfast_brunch"}, {"title": "Cafes", "alias": "cafes"}, {"title": "Coffee & Tea Supplies", "alias": "coffeeteasupplies"}], "image_url": "https://s3-media3.fl.yelpcdn.com/bphoto/U_9F3XQ8K8cpbi3JW90xXQ/o.jpg", "is_closed": false, "phone": "+441413395336", "location": {"address3": "", "zip_code": "G12 8TL", "address1": "291 Byres Road", "address2": "", "city": "Glasgow", "state": "GLG", "country": "GB"}, "name": "Avenue Coffee"}