{"price": "\u00a3", "rating": 5.0, "coordinates": {"longitude": -4.1425042, "latitude": 55.8138428}, "is_claimed": true, "photos": ["https://s3-media2.fl.yelpcdn.com/bphoto/0h1KQV1-wjdyFBJiUhTybg/o.jpg", "https://s3-media3.fl.yelpcdn.com/bphoto/oHAnO4fa9g7wBaMrDD-Qeg/o.jpg", "https://s3-media1.fl.yelpcdn.com/bphoto/uGCAR6IwtSrffltQioazig/o.jpg"], "review_count": 8, "id": "babylon-restaurant-glasgow", "term": "restaurants", "url": "https://www.yelp.com/biz/babylon-restaurant-glasgow?adjust_creative=92p07_JjKyriZTQxAXRiKQ&utm_campaign=yelp_api_v3&utm_medium=api_v3_business_lookup&utm_source=92p07_JjKyriZTQxAXRiKQ", "categories": [{"alias": "mideastern", "title": "Middle Eastern"}], "location": {"address3": "", "zip_code": "G5 8AQ", "address1": "7 Clyde Place", "address2": "", "city": "Glasgow", "state": "GLG", "country": "GB"}, "is_closed": false, "phone": "+441414290001", "image_url": "https://s3-media2.fl.yelpcdn.com/bphoto/0h1KQV1-wjdyFBJiUhTybg/o.jpg", "name": "Babylon Restaurant"}