{"id": "bacchus-cafe-bar-glasgow", "rating": 4.0, "coordinates": {"longitude": -4.2485719, "latitude": 55.8590648}, "is_claimed": true, "hours": [{"is_open_now": false, "open": [{"is_overnight": false, "day": 0, "start": "1100", "end": "0000"}, {"is_overnight": false, "day": 1, "start": "1100", "end": "0000"}, {"is_overnight": false, "day": 2, "start": "1100", "end": "0000"}, {"is_overnight": false, "day": 3, "start": "1100", "end": "0000"}, {"is_overnight": true, "day": 4, "start": "1100", "end": "0200"}, {"is_overnight": true, "day": 5, "start": "1100", "end": "0200"}, {"is_overnight": false, "day": 6, "start": "1100", "end": "0000"}], "hours_type": "REGULAR"}], "photos": ["https://s3-media1.fl.yelpcdn.com/bphoto/85HVe911CFkiOszTeKaQXg/o.jpg", "https://s3-media1.fl.yelpcdn.com/bphoto/t5vUVqxvfbDudgTY4CS4sQ/o.jpg", "https://s3-media2.fl.yelpcdn.com/bphoto/703P5P-if-lXI5s1EMnHbQ/o.jpg"], "review_count": 13, "price": "\u00a3", "term": "restaurants", "url": "https://www.yelp.com/biz/bacchus-cafe-bar-glasgow?adjust_creative=92p07_JjKyriZTQxAXRiKQ&utm_campaign=yelp_api_v3&utm_medium=api_v3_business_lookup&utm_source=92p07_JjKyriZTQxAXRiKQ", "categories": [{"title": "Pubs", "alias": "pubs"}, {"title": "British", "alias": "british"}, {"title": "Lounges", "alias": "lounges"}], "image_url": "https://s3-media2.fl.yelpcdn.com/bphoto/85HVe911CFkiOszTeKaQXg/o.jpg", "is_closed": false, "phone": "+441415720080", "location": {"address3": "", "zip_code": "G1 1UR", "address1": "80 Glassford Street", "state": "GLG", "city": "Glasgow", "address2": "", "country": "GB"}, "name": "Bacchus Cafe Bar"}