{"price": "\u00a3", "rating": 4.0, "coordinates": {"longitude": -4.2929689, "latitude": 55.8674239}, "is_claimed": true, "hours": [{"is_open_now": false, "open": [{"is_overnight": false, "day": 0, "end": "2300", "start": "1200"}, {"is_overnight": false, "day": 1, "end": "2300", "start": "1200"}, {"is_overnight": false, "day": 2, "end": "2300", "start": "1200"}, {"is_overnight": false, "day": 3, "end": "2300", "start": "1200"}, {"is_overnight": false, "day": 4, "end": "2300", "start": "1200"}, {"is_overnight": false, "day": 5, "end": "2300", "start": "1200"}, {"is_overnight": false, "day": 6, "end": "2300", "start": "1200"}], "hours_type": "REGULAR"}], "photos": ["https://s3-media4.fl.yelpcdn.com/bphoto/mw0p3Ac6mNR_mToygsD3Xg/o.jpg", "https://s3-media4.fl.yelpcdn.com/bphoto/qfmyrQ-03eLernnOZ8NazA/o.jpg", "https://s3-media1.fl.yelpcdn.com/bphoto/JhZ2KT32hUEtakyEzQYgUQ/o.jpg"], "review_count": 20, "id": "banana-leaf-glasgow", "term": "restaurants", "url": "https://www.yelp.com/biz/banana-leaf-glasgow?adjust_creative=92p07_JjKyriZTQxAXRiKQ&utm_campaign=yelp_api_v3&utm_medium=api_v3_business_lookup&utm_source=92p07_JjKyriZTQxAXRiKQ", "categories": [{"alias": "indpak", "title": "Indian"}], "location": {"address3": "", "zip_code": "G3 8RE", "address1": "76 Old Dumbarton Road", "state": "GLG", "city": "Glasgow", "address2": "", "country": "GB"}, "is_closed": false, "phone": "+441413344445", "image_url": "https://s3-media3.fl.yelpcdn.com/bphoto/mw0p3Ac6mNR_mToygsD3Xg/o.jpg", "name": "Banana Leaf"}