{"price": "\u00a3\u00a3", "rating": 4.0, "coordinates": {"longitude": -4.2553548, "latitude": 55.8599509}, "is_claimed": true, "hours": [{"is_open_now": false, "open": [{"is_overnight": false, "day": 0, "start": "1200", "end": "0000"}, {"is_overnight": false, "day": 1, "start": "1200", "end": "0000"}, {"is_overnight": false, "day": 2, "start": "1200", "end": "0000"}, {"is_overnight": false, "day": 3, "start": "1200", "end": "0000"}, {"is_overnight": false, "day": 4, "start": "1200", "end": "0000"}, {"is_overnight": false, "day": 5, "start": "1200", "end": "0000"}, {"is_overnight": false, "day": 6, "start": "1200", "end": "0000"}], "hours_type": "REGULAR"}], "photos": ["https://s3-media2.fl.yelpcdn.com/bphoto/pbSI0C2iiIadwo-na47SVA/o.jpg", "https://s3-media2.fl.yelpcdn.com/bphoto/RyMRfMC48zwc_URn7Sjpig/o.jpg", "https://s3-media2.fl.yelpcdn.com/bphoto/MnalPoJTT_oaAsibxcffXA/o.jpg"], "review_count": 50, "id": "bar-soba-glasgow-3", "term": "restaurants", "url": "https://www.yelp.com/biz/bar-soba-glasgow-3?adjust_creative=92p07_JjKyriZTQxAXRiKQ&utm_campaign=yelp_api_v3&utm_medium=api_v3_business_lookup&utm_source=92p07_JjKyriZTQxAXRiKQ", "categories": [{"alias": "japanese", "title": "Japanese"}, {"alias": "asianfusion", "title": "Asian Fusion"}], "location": {"address3": "", "zip_code": "G1 3NU", "address1": "11 Mitchell Lane", "address2": "", "city": "Glasgow", "state": "GLG", "country": "GB"}, "is_closed": false, "phone": "+441412042404", "image_url": "https://s3-media3.fl.yelpcdn.com/bphoto/pbSI0C2iiIadwo-na47SVA/o.jpg", "name": "Bar Soba"}