{"rating": 4.0, "url": "https://www.yelp.com/biz/apex-car-rentals-auckland?adjust_creative=92p07_JjKyriZTQxAXRiKQ&utm_campaign=yelp_api_v3&utm_medium=api_v3_business_lookup&utm_source=92p07_JjKyriZTQxAXRiKQ", "image_url": "https://s3-media3.fl.yelpcdn.com/bphoto/zcn8c4hEpUh1KDUckPCabA/o.jpg", "is_closed": false, "review_count": 5, "phone": "+6493071063", "location": {"city": "Auckland", "zip_code": "1010", "address2": "", "address1": "156 Beach Road", "address3": "", "country": "NZ", "state": "AUK"}, "is_claimed": false, "term": "hotels", "hours": [{"is_open_now": true, "open": [{"is_overnight": false, "start": "0800", "day": 0, "end": "1700"}, {"is_overnight": false, "start": "0800", "day": 1, "end": "1700"}, {"is_overnight": false, "start": "0800", "day": 2, "end": "1700"}, {"is_overnight": false, "start": "0800", "day": 3, "end": "1700"}, {"is_overnight": false, "start": "0800", "day": 4, "end": "1700"}, {"is_overnight": false, "start": "0800", "day": 5, "end": "1700"}, {"is_overnight": false, "start": "0800", "day": 6, "end": "1700"}], "hours_type": "REGULAR"}], "categories": [{"title": "Car Rental", "alias": "carrental"}], "photos": ["https://s3-media1.fl.yelpcdn.com/bphoto/zcn8c4hEpUh1KDUckPCabA/o.jpg", "https://s3-media2.fl.yelpcdn.com/bphoto/aPbMtE90C_WvbKiiO-nNSA/o.jpg", "https://s3-media1.fl.yelpcdn.com/bphoto/wXNUCpjplA9s0KWbEONdOA/o.jpg"], "name": "Apex Car Rentals", "coordinates": {"latitude": -36.8497967, "longitude": 174.7745633}, "id": "apex-car-rentals-auckland"}