{"rating": 4.5, "url": "https://www.yelp.com/biz/arataki-visitor-centre-auckland?adjust_creative=92p07_JjKyriZTQxAXRiKQ&utm_campaign=yelp_api_v3&utm_medium=api_v3_business_lookup&utm_source=92p07_JjKyriZTQxAXRiKQ", "image_url": "https://s3-media3.fl.yelpcdn.com/bphoto/48Z-1yMIJo5JMvIfnlhHvQ/o.jpg", "is_closed": false, "review_count": 4, "phone": "+6498170077", "location": {"city": "Auckland", "zip_code": "0604", "address2": "Oratia", "address1": "300 Scenic Drive", "address3": "", "country": "NZ", "state": "AUK"}, "is_claimed": false, "term": "hotels", "hours": [{"is_open_now": true, "open": [{"is_overnight": false, "start": "0600", "day": 0, "end": "2100"}, {"is_overnight": false, "start": "0600", "day": 1, "end": "2100"}, {"is_overnight": false, "start": "0600", "day": 2, "end": "2100"}, {"is_overnight": false, "start": "0600", "day": 3, "end": "2100"}, {"is_overnight": false, "start": "0600", "day": 4, "end": "2100"}, {"is_overnight": false, "start": "0600", "day": 5, "end": "2100"}, {"is_overnight": false, "start": "0600", "day": 6, "end": "2100"}], "hours_type": "REGULAR"}], "categories": [{"title": "Visitor Centers", "alias": "visitorcenters"}], "photos": ["https://s3-media3.fl.yelpcdn.com/bphoto/48Z-1yMIJo5JMvIfnlhHvQ/o.jpg", "https://s3-media3.fl.yelpcdn.com/bphoto/n05rRtiNdqpFytBPb83jcQ/o.jpg", "https://s3-media1.fl.yelpcdn.com/bphoto/5qvnL68hhHo5IFlYqS0AdA/o.jpg"], "name": "Arataki Visitor Centre", "coordinates": {"latitude": -36.9470046, "longitude": 174.6064729}, "id": "arataki-visitor-centre-auckland"}