{"rating": 3.0, "url": "https://www.yelp.com/biz/aristotles-auckland?adjust_creative=92p07_JjKyriZTQxAXRiKQ&utm_campaign=yelp_api_v3&utm_medium=api_v3_business_lookup&utm_source=92p07_JjKyriZTQxAXRiKQ", "image_url": "", "coordinates": {"latitude": -36.7634811, "longitude": 174.7372131}, "review_count": 1, "phone": "+6494441177", "location": {"city": "Auckland", "address3": null, "address1": "20-c Link Dr", "address2": null, "country": "NZ", "state": "WKO", "zip_code": "0627"}, "hours": [{"is_open_now": true, "open": [{"is_overnight": false, "start": "0700", "day": 0, "end": "2100"}, {"is_overnight": false, "start": "0700", "day": 1, "end": "2100"}, {"is_overnight": false, "start": "0700", "day": 2, "end": "2100"}, {"is_overnight": false, "start": "0700", "day": 3, "end": "2100"}, {"is_overnight": false, "start": "0700", "day": 4, "end": "2100"}, {"is_overnight": false, "start": "0800", "day": 5, "end": "2100"}, {"is_overnight": false, "start": "0800", "day": 6, "end": "2100"}], "hours_type": "REGULAR"}], "price": "$$", "term": "hotels", "is_claimed": false, "categories": [{"title": "Hotels", "alias": "hotels"}], "photos": [], "name": "Aristotle's", "is_closed": false, "id": "aristotles-auckland"}