{"url": "https://www.yelp.com/biz/art-hotel-the-great-ponsonby-auckland?adjust_creative=92p07_JjKyriZTQxAXRiKQ&utm_campaign=yelp_api_v3&utm_medium=api_v3_business_lookup&utm_source=92p07_JjKyriZTQxAXRiKQ", "rating": 0.0, "image_url": "", "is_closed": false, "review_count": 0, "phone": "+64800766792", "is_claimed": false, "term": "hotels", "location": {"zip_code": "1011", "city": "Auckland", "address3": "", "address1": "30 Ponsonby Terrace", "address2": "Ponsonby", "country": "NZ", "state": "AUK"}, "categories": [{"title": "Hotels", "alias": "hotels"}], "photos": [], "hours": [{"is_open_now": true, "open": [{"is_overnight": false, "start": "0900", "day": 0, "end": "2200"}, {"is_overnight": false, "start": "0900", "day": 1, "end": "2200"}, {"is_overnight": false, "start": "0900", "day": 2, "end": "2200"}, {"is_overnight": false, "start": "0900", "day": 3, "end": "2200"}, {"is_overnight": false, "start": "0900", "day": 4, "end": "2200"}, {"is_overnight": false, "start": "0900", "day": 5, "end": "2200"}, {"is_overnight": false, "start": "0900", "day": 6, "end": "2200"}], "hours_type": "REGULAR"}], "name": "Art Hotel The Great Ponsonby", "coordinates": {"latitude": -36.8502502, "longitude": 174.7411346}, "id": "art-hotel-the-great-ponsonby-auckland"}