{"rating": 0.0, "url": "https://www.yelp.com/biz/auckland-north-shore-motels-and-holiday-park-auckland?adjust_creative=92p07_JjKyriZTQxAXRiKQ&utm_campaign=yelp_api_v3&utm_medium=api_v3_business_lookup&utm_source=92p07_JjKyriZTQxAXRiKQ", "image_url": "https://s3-media1.fl.yelpcdn.com/bphoto/b2LhRl7fuiW-O_Hh6ZVR4A/o.jpg", "is_closed": false, "review_count": 0, "phone": "+6494182578", "is_claimed": false, "price": "$", "term": "hotels", "location": {"city": "Auckland", "zip_code": "0627", "address2": null, "address1": "52 Northcote Rd", "address3": null, "country": "NZ", "state": "WKO"}, "categories": [{"title": "Hotels", "alias": "hotels"}], "photos": ["https://s3-media2.fl.yelpcdn.com/bphoto/b2LhRl7fuiW-O_Hh6ZVR4A/o.jpg", "https://s3-media3.fl.yelpcdn.com/bphoto/cyYRoN6d8I-Zdrm04IYRZQ/o.jpg"], "name": "Auckland North Shore Motels & Holiday Park", "coordinates": {"latitude": -36.7940216, "longitude": 174.7467957}, "id": "auckland-north-shore-motels-and-holiday-park-auckland"}