{"rating": 0.0, "url": "https://www.yelp.com/biz/auckland-auckland-2?adjust_creative=92p07_JjKyriZTQxAXRiKQ&utm_campaign=yelp_api_v3&utm_medium=api_v3_business_lookup&utm_source=92p07_JjKyriZTQxAXRiKQ", "image_url": "", "is_closed": false, "review_count": 0, "phone": "+6493792005", "is_claimed": false, "term": "hotels", "location": {"city": "Auckland", "zip_code": "1010", "address2": null, "address1": "70 - 76 Pitt St", "address3": null, "country": "NZ", "state": "AUK"}, "categories": [{"title": "Hotels", "alias": "hotels"}], "photos": [], "name": "Auckland", "coordinates": {"latitude": -36.8569107, "longitude": 174.7591705}, "id": "auckland-auckland-2"}