{"url": "https://www.yelp.com/biz/auckland-airport-kiwi-motel-auckland?adjust_creative=92p07_JjKyriZTQxAXRiKQ&utm_campaign=yelp_api_v3&utm_medium=api_v3_business_lookup&utm_source=92p07_JjKyriZTQxAXRiKQ", "rating": 1.5, "image_url": "https://s3-media3.fl.yelpcdn.com/bphoto/rktjP5QEXTSVEJpai_Xtlw/o.jpg", "is_closed": false, "review_count": 4, "phone": "+6492544488", "is_claimed": false, "price": "$", "term": "hotels", "location": {"zip_code": "2022", "city": "Auckland", "address3": "", "address1": "144 McKenzie Rd", "address2": "Mangere Bridge", "country": "NZ", "state": "AUK"}, "categories": [{"title": "Hotels", "alias": "hotels"}], "photos": ["https://s3-media1.fl.yelpcdn.com/bphoto/rktjP5QEXTSVEJpai_Xtlw/o.jpg", "https://s3-media1.fl.yelpcdn.com/bphoto/RujvSg93KTIl8e22Tj58Ig/o.jpg", "https://s3-media3.fl.yelpcdn.com/bphoto/F4rbgb95LgL1mTLKjvzCog/o.jpg"], "name": "Auckland Airport Kiwi Motel", "coordinates": {"latitude": -36.9644582795663, "longitude": 174.791001230478}, "id": "auckland-airport-kiwi-motel-auckland"}