{"rating": 3.5, "url": "https://www.yelp.com/biz/aucklands-whale-and-dolphin-safari-auckland?adjust_creative=92p07_JjKyriZTQxAXRiKQ&utm_campaign=yelp_api_v3&utm_medium=api_v3_business_lookup&utm_source=92p07_JjKyriZTQxAXRiKQ", "image_url": "https://s3-media3.fl.yelpcdn.com/bphoto/_iw5RL2pHzOsOuwGFYlyqw/o.jpg", "is_closed": false, "review_count": 3, "phone": "+6493595987", "location": {"city": "Auckland", "zip_code": "1142", "address2": "", "address1": "Viaduct Harbour", "address3": "", "country": "NZ", "state": "AUK"}, "is_claimed": false, "term": "hotels", "hours": [{"is_open_now": true, "open": [{"is_overnight": false, "start": "0900", "day": 0, "end": "1900"}, {"is_overnight": false, "start": "0900", "day": 1, "end": "1900"}, {"is_overnight": false, "start": "0900", "day": 2, "end": "1900"}, {"is_overnight": false, "start": "0900", "day": 3, "end": "1900"}, {"is_overnight": false, "start": "0900", "day": 4, "end": "1900"}, {"is_overnight": false, "start": "0900", "day": 5, "end": "1900"}, {"is_overnight": false, "start": "0900", "day": 6, "end": "1900"}], "hours_type": "REGULAR"}], "categories": [{"title": "Tours", "alias": "tours"}, {"title": "Boating", "alias": "boating"}], "photos": ["https://s3-media3.fl.yelpcdn.com/bphoto/_iw5RL2pHzOsOuwGFYlyqw/o.jpg", "https://s3-media4.fl.yelpcdn.com/bphoto/yxNILi4bhlfSDik11MFR3Q/o.jpg", "https://s3-media3.fl.yelpcdn.com/bphoto/jiYFbG0bQ3fsHaL6sv6Zog/o.jpg"], "name": "Auckland's Whale and Dolphin Safari", "coordinates": {"latitude": -36.8454243, "longitude": 174.7582577}, "id": "aucklands-whale-and-dolphin-safari-auckland"}