{"url": "https://www.yelp.com/biz/auckland-airport-auckland-2?adjust_creative=92p07_JjKyriZTQxAXRiKQ&utm_campaign=yelp_api_v3&utm_medium=api_v3_business_lookup&utm_source=92p07_JjKyriZTQxAXRiKQ", "rating": 3.5, "image_url": "https://s3-media1.fl.yelpcdn.com/bphoto/R31h_DOBKYuXmAlnB25t_Q/o.jpg", "is_closed": false, "is_claimed": false, "phone": "+6492750789", "hours": [{"is_open_now": true, "open": [{"is_overnight": true, "start": "0600", "day": 0, "end": "0200"}, {"is_overnight": true, "start": "0600", "day": 1, "end": "0200"}, {"is_overnight": true, "start": "0600", "day": 2, "end": "0200"}, {"is_overnight": true, "start": "0600", "day": 3, "end": "0200"}, {"is_overnight": true, "start": "0600", "day": 4, "end": "0200"}, {"is_overnight": true, "start": "0600", "day": 5, "end": "0200"}, {"is_overnight": true, "start": "0600", "day": 6, "end": "0200"}], "hours_type": "REGULAR"}], "price": "$$$", "term": "hotels", "location": {"zip_code": "2022", "city": "Auckland", "address3": "", "address1": "Ray Emery Dr", "address2": "Mangere", "country": "NZ", "state": "AUK"}, "categories": [{"title": "Airports", "alias": "airports"}], "photos": ["https://s3-media3.fl.yelpcdn.com/bphoto/R31h_DOBKYuXmAlnB25t_Q/o.jpg", "https://s3-media1.fl.yelpcdn.com/bphoto/hCp_P062PCYMbHVMhjf9gg/o.jpg", "https://s3-media3.fl.yelpcdn.com/bphoto/UErigY3PXTGkgo286JuI6A/o.jpg"], "name": "Auckland Airport", "coordinates": {"latitude": -37.0083041608762, "longitude": 174.785110652393}, "id": "auckland-airport-auckland-2", "review_count": 72}