{"url": "https://www.yelp.com/biz/auckland-ferry-terminal-auckland?adjust_creative=92p07_JjKyriZTQxAXRiKQ&utm_campaign=yelp_api_v3&utm_medium=api_v3_business_lookup&utm_source=92p07_JjKyriZTQxAXRiKQ", "rating": 4.0, "image_url": "https://s3-media3.fl.yelpcdn.com/bphoto/6UL4y-T5aHbuwCcdxFtJjA/o.jpg", "is_closed": false, "review_count": 8, "phone": "", "is_claimed": false, "term": "hotels", "location": {"zip_code": "1010", "city": "Auckland", "address3": "", "address1": "99 Quay Street", "address2": "Auckland Central", "country": "NZ", "state": "AUK"}, "categories": [{"title": "Local Flavor", "alias": "localflavor"}, {"title": "Landmarks & Historical Buildings", "alias": "landmarks"}, {"title": "Public Transportation", "alias": "publictransport"}], "photos": ["https://s3-media4.fl.yelpcdn.com/bphoto/6UL4y-T5aHbuwCcdxFtJjA/o.jpg", "https://s3-media4.fl.yelpcdn.com/bphoto/G_YNCtW4FdATDd8A7LySQw/o.jpg", "https://s3-media2.fl.yelpcdn.com/bphoto/un7S2czwNV8TR1IKaL8OaQ/o.jpg"], "name": "Auckland Ferry Terminal", "coordinates": {"latitude": -36.8429704, "longitude": 174.7666609}, "id": "auckland-ferry-terminal-auckland"}