{"url": "https://www.yelp.com/biz/auckland-airport-lodge-auckland?adjust_creative=92p07_JjKyriZTQxAXRiKQ&utm_campaign=yelp_api_v3&utm_medium=api_v3_business_lookup&utm_source=92p07_JjKyriZTQxAXRiKQ", "rating": 3.0, "image_url": "", "is_closed": false, "review_count": 1, "phone": "+6492562829", "is_claimed": false, "term": "hotels", "location": {"zip_code": "2022", "city": "Auckland", "address3": null, "address1": "296 Kirkbride Road", "address2": "Mangere", "country": "NZ", "state": "AUK"}, "categories": [{"title": "Hotels", "alias": "hotels"}], "photos": [], "hours": [{"is_open_now": true, "open": [{"is_overnight": false, "start": "0700", "day": 0, "end": "2100"}, {"is_overnight": false, "start": "0700", "day": 1, "end": "2100"}, {"is_overnight": false, "start": "0700", "day": 2, "end": "2100"}, {"is_overnight": false, "start": "0700", "day": 3, "end": "2100"}, {"is_overnight": false, "start": "0700", "day": 4, "end": "2100"}, {"is_overnight": false, "start": "0700", "day": 5, "end": "2100"}, {"is_overnight": false, "start": "0700", "day": 6, "end": "2100"}], "hours_type": "REGULAR"}], "name": "Auckland Airport Lodge", "coordinates": {"latitude": -36.9758911, "longitude": 174.7950134}, "id": "auckland-airport-lodge-auckland"}