{"url": "https://www.yelp.com/biz/auckland-explorer-bus-auckland?adjust_creative=92p07_JjKyriZTQxAXRiKQ&utm_campaign=yelp_api_v3&utm_medium=api_v3_business_lookup&utm_source=92p07_JjKyriZTQxAXRiKQ", "rating": 3.5, "image_url": "https://s3-media4.fl.yelpcdn.com/bphoto/YxVftYOyLI1CKtDhSMuRgw/o.jpg", "is_closed": false, "review_count": 4, "phone": "+64800439756", "is_claimed": false, "term": "hotels", "location": {"zip_code": "1010", "city": "Auckland", "address3": "", "address1": "Auckland", "address2": null, "country": "NZ", "state": "AUK"}, "categories": [{"title": "Local Flavor", "alias": "localflavor"}, {"title": "Tours", "alias": "tours"}, {"title": "Public Transportation", "alias": "publictransport"}], "photos": ["https://s3-media4.fl.yelpcdn.com/bphoto/YxVftYOyLI1CKtDhSMuRgw/o.jpg"], "hours": [{"is_open_now": true, "open": [{"is_overnight": false, "start": "0900", "day": 0, "end": "1700"}, {"is_overnight": false, "start": "0900", "day": 1, "end": "1700"}, {"is_overnight": false, "start": "0900", "day": 2, "end": "1700"}, {"is_overnight": false, "start": "0900", "day": 3, "end": "1700"}, {"is_overnight": false, "start": "0900", "day": 4, "end": "1700"}, {"is_overnight": false, "start": "0900", "day": 5, "end": "1700"}, {"is_overnight": false, "start": "0900", "day": 6, "end": "1700"}], "hours_type": "REGULAR"}], "name": "Auckland Explorer Bus", "coordinates": {"latitude": -36.8428980863164, "longitude": 174.767503738403}, "id": "auckland-explorer-bus-auckland"}