{"rating": 0.0, "url": "https://www.yelp.com/biz/australian-safari-motel-auckland?adjust_creative=92p07_JjKyriZTQxAXRiKQ&utm_campaign=yelp_api_v3&utm_medium=api_v3_business_lookup&utm_source=92p07_JjKyriZTQxAXRiKQ", "image_url": "", "coordinates": {"latitude": -36.8533707, "longitude": 174.770462}, "review_count": 0, "phone": "", "is_claimed": false, "term": "hotels", "location": {"city": "Auckland", "address3": null, "address1": "29 Grafton", "address2": null, "state": "AUK", "country": "NZ", "zip_code": "1010"}, "categories": [{"title": "Hotels", "alias": "hotels"}], "photos": [], "name": "Australian Safari Motel", "is_closed": false, "id": "australian-safari-motel-auckland"}