{"rating": 2.5, "url": "https://www.yelp.com/biz/avondale-train-station-auckland?adjust_creative=92p07_JjKyriZTQxAXRiKQ&utm_campaign=yelp_api_v3&utm_medium=api_v3_business_lookup&utm_source=92p07_JjKyriZTQxAXRiKQ", "image_url": "https://s3-media2.fl.yelpcdn.com/bphoto/LlKgdlYZjsVEN3o1c-ZVxw/o.jpg", "is_claimed": false, "review_count": 3, "phone": "", "hours": [{"is_open_now": true, "open": [{"is_overnight": true, "start": "0600", "day": 0, "end": "0030"}, {"is_overnight": true, "start": "0600", "day": 1, "end": "0030"}, {"is_overnight": true, "start": "0600", "day": 2, "end": "0030"}, {"is_overnight": true, "start": "0600", "day": 3, "end": "0030"}, {"is_overnight": true, "start": "0600", "day": 4, "end": "0030"}, {"is_overnight": true, "start": "0600", "day": 5, "end": "0030"}, {"is_overnight": true, "start": "0600", "day": 6, "end": "0030"}], "hours_type": "REGULAR"}], "term": "hotels", "location": {"city": "Auckland", "address3": "", "address1": "Layard Street", "address2": "Avondale", "country": "NZ", "state": "AUK", "zip_code": "1026"}, "categories": [{"title": "Local Flavor", "alias": "localflavor"}, {"title": "Train Stations", "alias": "trainstations"}], "is_closed": false, "photos": ["https://s3-media3.fl.yelpcdn.com/bphoto/LlKgdlYZjsVEN3o1c-ZVxw/o.jpg"], "name": "Avondale Train Station", "coordinates": {"latitude": -36.896589, "longitude": 174.698962}, "id": "avondale-train-station-auckland"}