{"url": "https://www.yelp.com/biz/backpacker-campervan-rentals-auckland?adjust_creative=92p07_JjKyriZTQxAXRiKQ&utm_campaign=yelp_api_v3&utm_medium=api_v3_business_lookup&utm_source=92p07_JjKyriZTQxAXRiKQ", "rating": 3.0, "image_url": "", "is_closed": false, "review_count": 1, "phone": "+64800002888", "is_claimed": false, "term": "hotels", "location": {"zip_code": "1010", "city": "Auckland", "address3": "", "address1": "79 Beach rd", "address2": "Auckland Central", "country": "NZ", "state": "AUK"}, "categories": [{"title": "RV Rental", "alias": "rvrental"}, {"title": "Car Rental", "alias": "carrental"}], "photos": [], "name": "Backpacker Campervan Rentals", "coordinates": {"latitude": -36.8473746, "longitude": 174.7733518}, "id": "backpacker-campervan-rentals-auckland"}