{"rating": 4.0, "url": "https://www.yelp.com/biz/bamber-house-auckland?adjust_creative=92p07_JjKyriZTQxAXRiKQ&utm_campaign=yelp_api_v3&utm_medium=api_v3_business_lookup&utm_source=92p07_JjKyriZTQxAXRiKQ", "image_url": "https://s3-media2.fl.yelpcdn.com/bphoto/ZfIQpH7ouO8bQ1PDRYe5oQ/o.jpg", "coordinates": {"latitude": -36.8734398, "longitude": 174.7580261}, "review_count": 1, "phone": "+6496234267", "is_claimed": false, "term": "hotels", "location": {"city": "Auckland", "address3": "Mt Eden", "address1": "22 View Rd", "address2": null, "state": "AUK", "country": "NZ", "zip_code": "1024"}, "categories": [{"title": "Hiking", "alias": "hiking"}, {"title": "Hostels", "alias": "hostels"}], "photos": ["https://s3-media2.fl.yelpcdn.com/bphoto/ZfIQpH7ouO8bQ1PDRYe5oQ/o.jpg"], "name": "Bamber House", "is_closed": false, "id": "bamber-house-auckland"}