{"rating": 4.0, "url": "https://www.yelp.com/biz/bankside-waldorf-apartments-auckland?adjust_creative=92p07_JjKyriZTQxAXRiKQ&utm_campaign=yelp_api_v3&utm_medium=api_v3_business_lookup&utm_source=92p07_JjKyriZTQxAXRiKQ", "image_url": "https://s3-media2.fl.yelpcdn.com/bphoto/4Fawebm7S7oL9QHeO4O01Q/o.jpg", "coordinates": {"latitude": -36.8473206, "longitude": 174.7696228}, "review_count": 1, "phone": "+64800700001", "is_claimed": false, "term": "hotels", "location": {"city": "Auckland", "address3": "Auckland Central", "address1": "8 Bankside St", "address2": null, "country": "NZ", "state": "AUK", "zip_code": "1001"}, "categories": [{"title": "Hotels", "alias": "hotels"}], "photos": ["https://s3-media1.fl.yelpcdn.com/bphoto/4Fawebm7S7oL9QHeO4O01Q/o.jpg"], "name": "Bankside Waldorf Apartments", "is_closed": false, "id": "bankside-waldorf-apartments-auckland"}