{"id": "artarmon-reserve-artarmon", "rating": 4.0, "coordinates": {"longitude": 151.1891479, "latitude": -33.8094597}, "is_claimed": false, "photos": ["https://s3-media2.fl.yelpcdn.com/bphoto/X4w78sE6l1tRRQTB20PncA/o.jpg", "https://s3-media2.fl.yelpcdn.com/bphoto/4MbiYLePKnvTqCqaIDr2mA/o.jpg", "https://s3-media4.fl.yelpcdn.com/bphoto/XmKI5fqU3c6hf6ndWk88yw/o.jpg"], "review_count": 1, "term": "attractions", "url": "https://www.yelp.com/biz/artarmon-reserve-artarmon?adjust_creative=92p07_JjKyriZTQxAXRiKQ&utm_campaign=yelp_api_v3&utm_medium=api_v3_business_lookup&utm_source=92p07_JjKyriZTQxAXRiKQ", "categories": [{"alias": "parks", "title": "Parks"}], "location": {"address3": "", "zip_code": "2064", "address1": "Burra Rd", "state": "NSW", "city": "Artarmon", "address2": "", "country": "AU"}, "is_closed": false, "phone": "", "image_url": "https://s3-media1.fl.yelpcdn.com/bphoto/X4w78sE6l1tRRQTB20PncA/o.jpg", "name": "Artarmon Reserve"}