{"id": "apartments-on-george-norwood-norwood", "rating": 0.0, "coordinates": {"longitude": 138.6366119, "latitude": -34.9211388}, "is_claimed": true, "photos": ["https://s3-media1.fl.yelpcdn.com/bphoto/-z3uG6EEN0nLSpRgxSXjOA/o.jpg"], "review_count": 0, "term": "hotels", "url": "https://www.yelp.com/biz/apartments-on-george-norwood-norwood?adjust_creative=92p07_JjKyriZTQxAXRiKQ&utm_campaign=yelp_api_v3&utm_medium=api_v3_business_lookup&utm_source=92p07_JjKyriZTQxAXRiKQ", "categories": [{"title": "Hotels", "alias": "hotels"}], "image_url": "https://s3-media4.fl.yelpcdn.com/bphoto/-z3uG6EEN0nLSpRgxSXjOA/o.jpg", "is_closed": false, "phone": "+61883627120", "location": {"address3": "", "zip_code": "5070", "address1": "Cnr George St", "state": "SA", "city": "Norwood", "address2": "& William St", "country": "AU"}, "name": "Apartments On George, Norwood"}