{"id": "ashfield-motor-inn-ashfield", "rating": 0.0, "coordinates": {"longitude": 151.1343842, "latitude": -33.8881264}, "is_claimed": false, "photos": ["https://s3-media1.fl.yelpcdn.com/bphoto/18YSpyQFbkJdHp60yM8r3g/o.jpg"], "review_count": 0, "term": "attractions", "url": "https://www.yelp.com/biz/ashfield-motor-inn-ashfield?adjust_creative=92p07_JjKyriZTQxAXRiKQ&utm_campaign=yelp_api_v3&utm_medium=api_v3_business_lookup&utm_source=92p07_JjKyriZTQxAXRiKQ", "categories": [{"alias": "hotels", "title": "Hotels"}], "location": {"address3": null, "zip_code": "2131", "address1": "63 Liverpool Rd", "address2": null, "city": "Ashfield", "state": "NSW", "country": "AU"}, "is_closed": false, "phone": "+61297980333", "image_url": "https://s3-media1.fl.yelpcdn.com/bphoto/18YSpyQFbkJdHp60yM8r3g/o.jpg", "name": "Ashfield Motor Inn"}