{"price": "\u00a3\u00a3", "rating": 4.5, "coordinates": {"longitude": -4.2928589, "latitude": 55.8746058}, "is_claimed": false, "hours": [{"is_open_now": false, "open": [{"is_overnight": false, "day": 0, "start": "1200", "end": "0000"}, {"is_overnight": false, "day": 1, "start": "1200", "end": "0000"}, {"is_overnight": false, "day": 2, "start": "1200", "end": "0000"}, {"is_overnight": false, "day": 3, "start": "1200", "end": "0000"}, {"is_overnight": true, "day": 4, "start": "1200", "end": "0100"}, {"is_overnight": true, "day": 5, "start": "1200", "end": "0100"}, {"is_overnight": false, "day": 6, "start": "1700", "end": "0000"}], "hours_type": "REGULAR"}], "photos": ["https://s3-media2.fl.yelpcdn.com/bphoto/21lowDUx6tUAvsXLlaF6EA/o.jpg", "https://s3-media4.fl.yelpcdn.com/bphoto/f6EbyCwN5BBuPBvIEQrSlw/o.jpg", "https://s3-media1.fl.yelpcdn.com/bphoto/XtpxMNPu1Mi_wUSm-dnWKg/o.jpg"], "review_count": 41, "id": "ashoka-glasgow", "term": "restaurants", "url": "https://www.yelp.com/biz/ashoka-glasgow?adjust_creative=92p07_JjKyriZTQxAXRiKQ&utm_campaign=yelp_api_v3&utm_medium=api_v3_business_lookup&utm_source=92p07_JjKyriZTQxAXRiKQ", "categories": [{"alias": "indpak", "title": "Indian"}, {"alias": "hotdogs", "title": "Fast Food"}], "location": {"address3": "", "zip_code": "G12 8SJ", "address1": "19 Ashton Lane", "address2": "Hillhead", "city": "Glasgow", "state": "GLG", "country": "GB"}, "is_closed": false, "phone": "+441413371115", "image_url": "https://s3-media3.fl.yelpcdn.com/bphoto/21lowDUx6tUAvsXLlaF6EA/o.jpg", "name": "Ashoka"}