{"price": "\u00a3\u00a3", "rating": 4.0, "coordinates": {"longitude": -4.2698078, "latitude": 55.8703918}, "is_claimed": false, "hours": [{"is_open_now": false, "open": [{"is_overnight": true, "day": 0, "start": "1630", "end": "0200"}, {"is_overnight": true, "day": 1, "start": "1630", "end": "0200"}, {"is_overnight": true, "day": 2, "start": "1630", "end": "0200"}, {"is_overnight": true, "day": 3, "start": "1630", "end": "0200"}, {"is_overnight": true, "day": 4, "start": "1630", "end": "0200"}, {"is_overnight": true, "day": 5, "start": "1630", "end": "0200"}, {"is_overnight": true, "day": 6, "start": "1630", "end": "0200"}], "hours_type": "REGULAR"}], "photos": ["https://s3-media2.fl.yelpcdn.com/bphoto/O6asNdmcBbHDjFEfy9pChQ/o.jpg", "https://s3-media4.fl.yelpcdn.com/bphoto/4gbkYXShamWzUqe_a0wZIQ/o.jpg", "https://s3-media3.fl.yelpcdn.com/bphoto/4HVoz3LVMIw_XQkMMZJslw/o.jpg"], "review_count": 10, "id": "asian-gourmet-glasgow", "term": "restaurants", "url": "https://www.yelp.com/biz/asian-gourmet-glasgow?adjust_creative=92p07_JjKyriZTQxAXRiKQ&utm_campaign=yelp_api_v3&utm_medium=api_v3_business_lookup&utm_source=92p07_JjKyriZTQxAXRiKQ", "categories": [{"alias": "chinese", "title": "Chinese"}], "location": {"address3": "", "zip_code": "G4 9BS", "address1": "17 West Princes Street", "address2": "", "city": "Glasgow", "state": "GLG", "country": "GB"}, "is_closed": false, "phone": "+441413321639", "image_url": "https://s3-media1.fl.yelpcdn.com/bphoto/O6asNdmcBbHDjFEfy9pChQ/o.jpg", "name": "Asian Gourmet"}