{"id": "avant-garde-glasgow-2", "rating": 4.0, "coordinates": {"longitude": -4.2468041, "latitude": 55.8564815}, "is_claimed": true, "hours": [{"is_open_now": false, "open": [{"is_overnight": false, "day": 0, "start": "1100", "end": "0000"}, {"is_overnight": false, "day": 1, "start": "1100", "end": "0000"}, {"is_overnight": false, "day": 2, "start": "1100", "end": "0000"}, {"is_overnight": false, "day": 3, "start": "1100", "end": "0000"}, {"is_overnight": false, "day": 4, "start": "1100", "end": "0000"}, {"is_overnight": false, "day": 5, "start": "1100", "end": "0000"}, {"is_overnight": false, "day": 6, "start": "1230", "end": "0000"}], "hours_type": "REGULAR"}], "photos": ["https://s3-media3.fl.yelpcdn.com/bphoto/VYkGjDUclncwl1_PzulSMA/o.jpg", "https://s3-media4.fl.yelpcdn.com/bphoto/eMLdwoX-EOGY6a54Q6PTEg/o.jpg", "https://s3-media3.fl.yelpcdn.com/bphoto/0blAV18S5h5qQ1e5k6rb7g/o.jpg"], "review_count": 11, "price": "\u00a3\u00a3", "term": "restaurants", "url": "https://www.yelp.com/biz/avant-garde-glasgow-2?adjust_creative=92p07_JjKyriZTQxAXRiKQ&utm_campaign=yelp_api_v3&utm_medium=api_v3_business_lookup&utm_source=92p07_JjKyriZTQxAXRiKQ", "categories": [{"title": "Pubs", "alias": "pubs"}, {"title": "Mediterranean", "alias": "mediterranean"}, {"title": "Gastropubs", "alias": "gastropubs"}], "image_url": "https://s3-media4.fl.yelpcdn.com/bphoto/VYkGjDUclncwl1_PzulSMA/o.jpg", "is_closed": false, "phone": "+441415527123", "location": {"address3": null, "zip_code": "G1 5QT", "address1": "34-44 King Street", "state": "GLG", "city": "Glasgow", "address2": "Merchant City", "country": "GB"}, "name": "Avant Garde"}