{"price": "\u00a3", "rating": 4.5, "coordinates": {"longitude": -4.26204722374678, "latitude": 55.8637990547351}, "is_claimed": true, "hours": [{"is_open_now": false, "open": [{"is_overnight": false, "end": "1600", "start": "0800", "day": 0}, {"is_overnight": false, "end": "2100", "start": "0800", "day": 1}, {"is_overnight": false, "end": "2100", "start": "0800", "day": 2}, {"is_overnight": false, "end": "2100", "start": "0800", "day": 3}, {"is_overnight": false, "end": "2100", "start": "0800", "day": 4}, {"is_overnight": false, "end": "2100", "start": "0800", "day": 5}], "hours_type": "REGULAR"}], "photos": ["https://s3-media4.fl.yelpcdn.com/bphoto/BktWhp2LR8FhPO1JpVDKyA/o.jpg", "https://s3-media1.fl.yelpcdn.com/bphoto/5rSYvCyFyUVH4OXC2uwsjw/o.jpg", "https://s3-media3.fl.yelpcdn.com/bphoto/5ytTBJA_oeScU8giR6ng0Q/o.jpg"], "review_count": 28, "id": "babu-bombay-street-kitchen-glasgow", "term": "restaurants", "url": "https://www.yelp.com/biz/babu-bombay-street-kitchen-glasgow?adjust_creative=92p07_JjKyriZTQxAXRiKQ&utm_campaign=yelp_api_v3&utm_medium=api_v3_business_lookup&utm_source=92p07_JjKyriZTQxAXRiKQ", "categories": [{"title": "Indian", "alias": "indpak"}, {"title": "Fast Food", "alias": "hotdogs"}], "image_url": "https://s3-media4.fl.yelpcdn.com/bphoto/BktWhp2LR8FhPO1JpVDKyA/o.jpg", "is_closed": false, "phone": "+441412044042", "location": {"address3": "", "zip_code": "G2 4RU", "address1": "186 W Regent Street", "address2": "", "city": "Glasgow", "state": "GLG", "country": "GB"}, "name": "Babu Bombay Street Kitchen"}