{"price": "\u00a3\u00a3", "rating": 4.0, "coordinates": {"longitude": -4.25433922963862, "latitude": 55.8587923091851}, "is_claimed": true, "hours": [{"is_open_now": false, "open": [{"is_overnight": false, "day": 0, "start": "1200", "end": "0000"}, {"is_overnight": false, "day": 1, "start": "1200", "end": "0000"}, {"is_overnight": false, "day": 2, "start": "1200", "end": "0000"}, {"is_overnight": false, "day": 3, "start": "1200", "end": "0000"}, {"is_overnight": false, "day": 4, "start": "1200", "end": "0000"}, {"is_overnight": false, "day": 5, "start": "1200", "end": "0000"}, {"is_overnight": false, "day": 6, "start": "1200", "end": "0000"}], "hours_type": "REGULAR"}], "photos": ["https://s3-media4.fl.yelpcdn.com/bphoto/ykdydhSjGpTHEJSSctWA0A/o.jpg", "https://s3-media3.fl.yelpcdn.com/bphoto/kw3VPlqok4iSYLyzem2aaQ/o.jpg", "https://s3-media1.fl.yelpcdn.com/bphoto/Me0tdrHz42dhH4mjlb09iA/o.jpg"], "review_count": 20, "id": "barca-tapas-and-cava-bar-glasgow-2", "term": "restaurants", "url": "https://www.yelp.com/biz/barca-tapas-and-cava-bar-glasgow-2?adjust_creative=92p07_JjKyriZTQxAXRiKQ&utm_campaign=yelp_api_v3&utm_medium=api_v3_business_lookup&utm_source=92p07_JjKyriZTQxAXRiKQ", "categories": [{"alias": "wine_bars", "title": "Wine Bars"}, {"alias": "british", "title": "British"}, {"alias": "tapas", "title": "Tapas Bars"}], "location": {"address3": "", "zip_code": "G1 3JX", "address1": "Glasgow City Centre 2nd Floor Princes Square", "address2": "48 Buchanan Street", "city": "Glasgow", "state": "GLG", "country": "GB"}, "is_closed": false, "phone": "+441412486555", "image_url": "https://s3-media3.fl.yelpcdn.com/bphoto/ykdydhSjGpTHEJSSctWA0A/o.jpg", "name": "Barca Tapas & Cava Bar"}