{"price": "\u00a3", "rating": 4.0, "coordinates": {"longitude": -0.1418569, "latitude": 51.507091}, "is_claimed": true, "hours": [{"is_open_now": false, "open": [{"is_overnight": false, "end": "1700", "start": "1100", "day": 2}, {"is_overnight": false, "end": "1700", "start": "1100", "day": 3}, {"is_overnight": false, "end": "1700", "start": "1100", "day": 4}, {"is_overnight": false, "end": "1700", "start": "1100", "day": 5}, {"is_overnight": false, "end": "1700", "start": "1100", "day": 6}], "hours_type": "REGULAR"}], "photos": ["https://s3-media4.fl.yelpcdn.com/bphoto/eEZb0sA0dYrgy9Eqp3tK2Q/o.jpg", "https://s3-media1.fl.yelpcdn.com/bphoto/TUQWh0HldRW9gmROObOv2A/o.jpg", "https://s3-media1.fl.yelpcdn.com/bphoto/G-QwvDiUVtI8AYxSsllamQ/o.jpg"], "review_count": 10, "id": "apsley-house-london", "term": "attractions", "url": "https://www.yelp.com/biz/apsley-house-london?adjust_creative=92p07_JjKyriZTQxAXRiKQ&utm_campaign=yelp_api_v3&utm_medium=api_v3_business_lookup&utm_source=92p07_JjKyriZTQxAXRiKQ", "categories": [{"title": "Landmarks & Historical Buildings", "alias": "landmarks"}], "image_url": "https://s3-media2.fl.yelpcdn.com/bphoto/eEZb0sA0dYrgy9Eqp3tK2Q/o.jpg", "is_closed": false, "phone": "+442074995676", "location": {"address3": "", "zip_code": "W1J 7NT", "address1": "149 Piccadilly", "address2": "Hyde Park Corner", "city": "London", "state": "XGL", "country": "GB"}, "name": "Apsley House"}