{"id": "arcelor-mittal-orbit-tower-london", "rating": 4.0, "coordinates": {"longitude": -0.0130224386626878, "latitude": 51.5384265351716}, "is_claimed": false, "photos": ["https://s3-media3.fl.yelpcdn.com/bphoto/itUjQcx5Xq5D9J2dte6csg/o.jpg", "https://s3-media4.fl.yelpcdn.com/bphoto/ogWyJPEqeNa_fu_7nmeuig/o.jpg", "https://s3-media3.fl.yelpcdn.com/bphoto/rj7DP8kOq91r7DEiqsN_1Q/o.jpg"], "review_count": 8, "term": "attractions", "url": "https://www.yelp.com/biz/arcelor-mittal-orbit-tower-london?adjust_creative=92p07_JjKyriZTQxAXRiKQ&utm_campaign=yelp_api_v3&utm_medium=api_v3_business_lookup&utm_source=92p07_JjKyriZTQxAXRiKQ", "categories": [{"alias": "landmarks", "title": "Landmarks & Historical Buildings"}], "location": {"address3": "", "zip_code": "E20 2AD", "address1": "Queen Elizabeth Olympic Park", "state": "XGL", "city": "London", "address2": "3 Thornton Street", "country": "GB"}, "is_closed": false, "phone": "+443338008099", "image_url": "https://s3-media1.fl.yelpcdn.com/bphoto/itUjQcx5Xq5D9J2dte6csg/o.jpg", "name": "Arcelor Mittal Orbit Tower"}