{"id": "association-of-leading-visitor-attractions-london", "rating": 0.0, "coordinates": {"longitude": -0.13552, "latitude": 51.49726}, "is_claimed": false, "photos": [], "review_count": 0, "term": "attractions", "url": "https://www.yelp.com/biz/association-of-leading-visitor-attractions-london?adjust_creative=92p07_JjKyriZTQxAXRiKQ&utm_campaign=yelp_api_v3&utm_medium=api_v3_business_lookup&utm_source=92p07_JjKyriZTQxAXRiKQ", "categories": [{"title": "Social Clubs", "alias": "social_clubs"}], "image_url": "", "is_closed": false, "phone": "+442072221728", "location": {"address3": "", "zip_code": "SW1P 1RL", "address1": "4 Westminster Palace Gardens", "address2": "Artillery Row", "city": "London", "state": "XGL", "country": "GB"}, "name": "Association Of Leading Visitor Attractions"}