{"id": "astor-queensway-london", "rating": 4.0, "coordinates": {"longitude": -0.1854182, "latitude": 51.5115343}, "is_claimed": false, "photos": ["https://s3-media2.fl.yelpcdn.com/bphoto/DXnlULb-796GyU9PUthLkg/o.jpg", "https://s3-media2.fl.yelpcdn.com/bphoto/Qn2GRLJWeS9ZWSA1uWET1w/o.jpg", "https://s3-media3.fl.yelpcdn.com/bphoto/hi1sPnpY5roiZjYo1W5vPg/o.jpg"], "review_count": 14, "term": "attractions", "url": "https://www.yelp.com/biz/astor-queensway-london?adjust_creative=92p07_JjKyriZTQxAXRiKQ&utm_campaign=yelp_api_v3&utm_medium=api_v3_business_lookup&utm_source=92p07_JjKyriZTQxAXRiKQ", "categories": [{"alias": "hostels", "title": "Hostels"}], "location": {"address3": "", "zip_code": "W2 3SY", "address1": "45 Queensborough Terrace", "address2": "", "city": "London", "state": "XGL", "country": "GB"}, "is_closed": false, "phone": "+442072297782", "image_url": "https://s3-media2.fl.yelpcdn.com/bphoto/DXnlULb-796GyU9PUthLkg/o.jpg", "name": "Astor Queensway"}