{"id": "astor-museum-inn-london", "rating": 4.0, "coordinates": {"longitude": -0.1245664, "latitude": 51.5192385}, "is_claimed": false, "photos": ["https://s3-media4.fl.yelpcdn.com/bphoto/HF6HUOF1rr741WTi1zKduQ/o.jpg", "https://s3-media2.fl.yelpcdn.com/bphoto/V6VSbYAHxvRaw6vmfZPP3g/o.jpg", "https://s3-media1.fl.yelpcdn.com/bphoto/eQOldU3qoz80qmTskSxYMA/o.jpg"], "review_count": 10, "term": "attractions", "url": "https://www.yelp.com/biz/astor-museum-inn-london?adjust_creative=92p07_JjKyriZTQxAXRiKQ&utm_campaign=yelp_api_v3&utm_medium=api_v3_business_lookup&utm_source=92p07_JjKyriZTQxAXRiKQ", "categories": [{"alias": "hostels", "title": "Hostels"}], "location": {"address3": "Greater London", "zip_code": "WC1B 5BH", "address1": "27 Montague Street", "state": "XGL", "city": "London", "address2": "City of London", "country": "GB"}, "is_closed": false, "phone": "+442075805360", "image_url": "https://s3-media4.fl.yelpcdn.com/bphoto/HF6HUOF1rr741WTi1zKduQ/o.jpg", "name": "Astor Museum Inn"}