{"id": "attraction-tickets-direct-london", "rating": 0.0, "coordinates": {"longitude": -0.14065, "latitude": 51.4632492}, "is_claimed": false, "photos": [], "review_count": 0, "term": "attractions", "url": "https://www.yelp.com/biz/attraction-tickets-direct-london?adjust_creative=92p07_JjKyriZTQxAXRiKQ&utm_campaign=yelp_api_v3&utm_medium=api_v3_business_lookup&utm_source=92p07_JjKyriZTQxAXRiKQ", "categories": [{"title": "Travel Services", "alias": "travelservices"}], "image_url": "", "is_closed": false, "phone": "+448009750002", "location": {"address3": "", "zip_code": "SW4 0AN", "address1": "171E Wingate Square", "address2": null, "city": "London", "state": "XGL", "country": "GB"}, "name": "Attraction Tickets Direct"}