{"id": "attracting-customers-net-london", "rating": 0.0, "coordinates": {"longitude": -0.0713746, "latitude": 51.3965405}, "is_claimed": false, "photos": [], "review_count": 0, "term": "attractions", "url": "https://www.yelp.com/biz/attracting-customers-net-london?adjust_creative=92p07_JjKyriZTQxAXRiKQ&utm_campaign=yelp_api_v3&utm_medium=api_v3_business_lookup&utm_source=92p07_JjKyriZTQxAXRiKQ", "categories": [], "image_url": "", "is_closed": false, "phone": "+442032397096", "location": {"address3": null, "zip_code": "SE25 5QW", "address1": "18 Crowther Road", "address2": null, "city": "London", "state": "XGL", "country": "GB"}, "name": "Attracting Customers.net"}