{"id": "attractive-consultancy-london", "rating": 0.0, "coordinates": {"longitude": -0.1198244, "latitude": 51.5112139}, "is_claimed": false, "photos": ["https://s3-media2.fl.yelpcdn.com/bphoto/Vu5NEYMBIClBP0Lk0saBQg/o.jpg", "https://s3-media4.fl.yelpcdn.com/bphoto/XHPS6SH6gJ_NAul0mtNxow/o.jpg"], "review_count": 0, "term": "attractions", "url": "https://www.yelp.com/biz/attractive-consultancy-london?adjust_creative=92p07_JjKyriZTQxAXRiKQ&utm_campaign=yelp_api_v3&utm_medium=api_v3_business_lookup&utm_source=92p07_JjKyriZTQxAXRiKQ", "categories": [], "location": {"address3": null, "zip_code": "", "address1": "Al-Noor Plaza Shah Rukn-e-Alam Colony Multan Pakistan", "address2": null, "city": "London", "state": "XGL", "country": "GB"}, "is_closed": false, "phone": "", "image_url": "https://s3-media3.fl.yelpcdn.com/bphoto/Vu5NEYMBIClBP0Lk0saBQg/o.jpg", "name": "Attractive Consultancy"}