{"id": "baker-street-station-london", "rating": 4.0, "coordinates": {"longitude": -0.156943, "latitude": 51.523117}, "is_claimed": true, "photos": ["https://s3-media3.fl.yelpcdn.com/bphoto/fiyKMLkcD3jgi20-VvK_DA/o.jpg", "https://s3-media3.fl.yelpcdn.com/bphoto/D_3OjDJU2WXmDHZXckG6yw/o.jpg", "https://s3-media3.fl.yelpcdn.com/bphoto/jE6hdj5aUmWI9RlxnZNgdw/o.jpg"], "review_count": 31, "term": "attractions", "url": "https://www.yelp.com/biz/baker-street-station-london?adjust_creative=92p07_JjKyriZTQxAXRiKQ&utm_campaign=yelp_api_v3&utm_medium=api_v3_business_lookup&utm_source=92p07_JjKyriZTQxAXRiKQ", "categories": [{"title": "Train Stations", "alias": "trainstations"}], "image_url": "https://s3-media2.fl.yelpcdn.com/bphoto/fiyKMLkcD3jgi20-VvK_DA/o.jpg", "is_closed": false, "phone": "+443432221234", "location": {"address3": "", "zip_code": "NW1 5LA", "address1": "Marylebone Road", "address2": "", "city": "London", "state": "XGL", "country": "GB"}, "name": "Baker Street Station"}