{"id": "barclay-house-london-b-and-b-london", "rating": 5.0, "coordinates": {"longitude": -0.1974152, "latitude": 51.4795761}, "is_claimed": true, "photos": ["https://s3-media1.fl.yelpcdn.com/bphoto/zEvoFxMw4IJUjGwY_vdbIA/o.jpg", "https://s3-media4.fl.yelpcdn.com/bphoto/pzT2dcx8HxyPSksRf38isA/o.jpg", "https://s3-media1.fl.yelpcdn.com/bphoto/fR6tvfZbwZ88Zf1E4yC4fg/o.jpg"], "review_count": 1, "term": "attractions", "url": "https://www.yelp.com/biz/barclay-house-london-b-and-b-london?adjust_creative=92p07_JjKyriZTQxAXRiKQ&utm_campaign=yelp_api_v3&utm_medium=api_v3_business_lookup&utm_source=92p07_JjKyriZTQxAXRiKQ", "categories": [{"alias": "bedbreakfast", "title": "Bed & Breakfast"}], "location": {"address3": "", "zip_code": "SW6 1EJ", "address1": "21 Barclay Road", "address2": "Fulham", "city": "London", "state": "XGL", "country": "GB"}, "is_closed": false, "phone": "+442073843390", "image_url": "https://s3-media1.fl.yelpcdn.com/bphoto/zEvoFxMw4IJUjGwY_vdbIA/o.jpg", "name": "Barclay House London B&B"}