{"id": "barnard-park-london", "rating": 3.0, "coordinates": {"longitude": -0.112111725056681, "latitude": 51.5372802833298}, "is_claimed": false, "photos": ["https://s3-media2.fl.yelpcdn.com/bphoto/SRRwls_Rmv3xWC2lVVY10A/o.jpg"], "review_count": 4, "term": "attractions", "url": "https://www.yelp.com/biz/barnard-park-london?adjust_creative=92p07_JjKyriZTQxAXRiKQ&utm_campaign=yelp_api_v3&utm_medium=api_v3_business_lookup&utm_source=92p07_JjKyriZTQxAXRiKQ", "categories": [{"alias": "dog_parks", "title": "Dog Parks"}], "location": {"address3": "", "zip_code": "N1 0JY", "address1": "3 Everilda Street", "state": "XGL", "city": "London", "address2": "", "country": "GB"}, "is_closed": false, "phone": "", "image_url": "https://s3-media4.fl.yelpcdn.com/bphoto/SRRwls_Rmv3xWC2lVVY10A/o.jpg", "name": "Barnard Park"}