{"id": "as-you-like-it-canberra", "rating": 5.0, "coordinates": {"longitude": 149.123829832541, "latitude": -35.2788928782046}, "is_claimed": false, "hours": [{"is_open_now": false, "open": [{"is_overnight": false, "day": 0, "start": "0800", "end": "1800"}, {"is_overnight": false, "day": 1, "start": "0800", "end": "1800"}, {"is_overnight": false, "day": 2, "start": "0800", "end": "1800"}, {"is_overnight": false, "day": 3, "start": "0800", "end": "1800"}, {"is_overnight": false, "day": 4, "start": "0800", "end": "1800"}], "hours_type": "REGULAR"}], "photos": ["https://s3-media4.fl.yelpcdn.com/bphoto/HawNHpz-nYPPKLqcjW6kEQ/o.jpg"], "review_count": 1, "term": "restaurants", "url": "https://www.yelp.com/biz/as-you-like-it-canberra?adjust_creative=92p07_JjKyriZTQxAXRiKQ&utm_campaign=yelp_api_v3&utm_medium=api_v3_business_lookup&utm_source=92p07_JjKyriZTQxAXRiKQ", "categories": [{"title": "Cafes", "alias": "cafes"}], "image_url": "https://s3-media4.fl.yelpcdn.com/bphoto/HawNHpz-nYPPKLqcjW6kEQ/o.jpg", "is_closed": false, "phone": "+61262628085", "location": {"address3": "", "zip_code": "2601", "address1": "Childers St", "state": "ACT", "city": "Canberra", "address2": "", "country": "AU"}, "name": "As You Like It"}