{"id": "australian-discount-travel-and-tours-hobart", "rating": 0.0, "coordinates": {"longitude": 147.3249359, "latitude": -42.8842735}, "is_claimed": false, "photos": [], "review_count": 0, "term": "hotels", "url": "https://www.yelp.com/biz/australian-discount-travel-and-tours-hobart?adjust_creative=92p07_JjKyriZTQxAXRiKQ&utm_campaign=yelp_api_v3&utm_medium=api_v3_business_lookup&utm_source=92p07_JjKyriZTQxAXRiKQ", "categories": [{"alias": "travelservices", "title": "Travel Services"}], "location": {"address3": null, "zip_code": "7000", "address1": "45 Victoria St", "address2": null, "city": "Hobart", "state": "TAS", "country": "AU"}, "is_closed": false, "phone": "+61362313844", "image_url": "", "name": "Australian Discount Travel & Tours"}