{"id": "ann-arbor-district-library-ann-arbor", "rating": 4.5, "coordinates": {"longitude": -83.7456589, "latitude": 42.2782288}, "is_claimed": false, "hours": [{"is_open_now": false, "open": [{"is_overnight": false, "day": 0, "end": "2100", "start": "1000"}, {"is_overnight": false, "day": 1, "end": "2100", "start": "0900"}, {"is_overnight": false, "day": 2, "end": "2100", "start": "0900"}, {"is_overnight": false, "day": 3, "end": "2100", "start": "0900"}, {"is_overnight": false, "day": 4, "end": "2100", "start": "0900"}, {"is_overnight": false, "day": 5, "end": "1800", "start": "0900"}, {"is_overnight": false, "day": 6, "end": "1800", "start": "1200"}], "hours_type": "REGULAR"}], "photos": ["https://s3-media4.fl.yelpcdn.com/bphoto/ZQRzPk71zPRUSw8ht-FCYg/o.jpg", "https://s3-media1.fl.yelpcdn.com/bphoto/GnMiZSc11sInErSpVSU3vg/o.jpg", "https://s3-media1.fl.yelpcdn.com/bphoto/4hYEiNBEvFXca7RUXt9Y5w/o.jpg"], "review_count": 30, "term": "attractions", "url": "https://www.yelp.com/biz/ann-arbor-district-library-ann-arbor?adjust_creative=92p07_JjKyriZTQxAXRiKQ&utm_campaign=yelp_api_v3&utm_medium=api_v3_business_lookup&utm_source=92p07_JjKyriZTQxAXRiKQ", "categories": [{"alias": "libraries", "title": "Libraries"}], "location": {"address3": "", "zip_code": "48104", "address1": "343 S 5th Ave", "state": "MI", "city": "Ann Arbor", "address2": "", "country": "US"}, "is_closed": false, "phone": "+17343274200", "image_url": "https://s3-media4.fl.yelpcdn.com/bphoto/ZQRzPk71zPRUSw8ht-FCYg/o.jpg", "name": "Ann Arbor District Library"}