{"location": {"city": "Paris", "address2": null, "zip_code": "75006", "country": "FR", "address1": "53 Ter Quai Grands Augustins", "address3": null, "state": "75"}, "categories": [{"title": "Hotels", "alias": "hotels"}], "is_closed": false, "price": "\u20ac\u20ac", "url": "https://www.yelp.com/biz/apart-h%C3%B4tel-citadines-paris-28?adjust_creative=92p07_JjKyriZTQxAXRiKQ&utm_campaign=yelp_api_v3&utm_medium=api_v3_business_lookup&utm_source=92p07_JjKyriZTQxAXRiKQ", "id": "apart-h\u00f4tel-citadines-paris-28", "phone": "+33825010380", "photos": ["https://s3-media4.fl.yelpcdn.com/bphoto/BVmfWK_uP-D8Vn_heMlpmA/o.jpg", "https://s3-media3.fl.yelpcdn.com/bphoto/Y1Q3qcge42XGWQ9PDv9oeg/o.jpg", "https://s3-media4.fl.yelpcdn.com/bphoto/49NgTOM7ThQxwDXFeUWL-Q/o.jpg"], "term": "attractions", "is_claimed": false, "review_count": 8, "rating": 4.0, "image_url": "https://s3-media2.fl.yelpcdn.com/bphoto/BVmfWK_uP-D8Vn_heMlpmA/o.jpg", "coordinates": {"latitude": 48.85528, "longitude": 2.34153}, "name": "Apart'H\u00f4tel Citadines"}