{"location": {"city": "Paris", "address2": null, "zip_code": "75011", "address3": null, "address1": "77 rue Sedaine", "country": "FR", "state": "75"}, "categories": [], "is_closed": false, "term": "attractions", "url": "https://www.yelp.com/biz/attraction-paris?adjust_creative=92p07_JjKyriZTQxAXRiKQ&utm_campaign=yelp_api_v3&utm_medium=api_v3_business_lookup&utm_source=92p07_JjKyriZTQxAXRiKQ", "id": "attraction-paris", "phone": "+33143140972", "photos": [], "is_claimed": false, "rating": 0.0, "review_count": 0, "image_url": "", "coordinates": {"latitude": 48.85831, "longitude": 2.3776099}, "name": "Attraction"}