{"location": {"city": "Paris", "address2": "", "zip_code": "75018", "address3": "", "address1": "54 bd Ornano", "country": "FR", "state": "75"}, "hours": [{"is_open_now": false, "hours_type": "REGULAR", "open": [{"end": "1700", "day": 0, "start": "0900", "is_overnight": false}, {"end": "1900", "day": 1, "start": "1000", "is_overnight": false}, {"end": "1900", "day": 2, "start": "1200", "is_overnight": false}, {"end": "1800", "day": 3, "start": "0900", "is_overnight": false}, {"end": "1900", "day": 4, "start": "1500", "is_overnight": false}, {"end": "0000", "day": 5, "start": "0000", "is_overnight": false}]}], "is_closed": false, "term": "attractions", "url": "https://www.yelp.com/biz/avantages-et-co-paris?adjust_creative=92p07_JjKyriZTQxAXRiKQ&utm_campaign=yelp_api_v3&utm_medium=api_v3_business_lookup&utm_source=92p07_JjKyriZTQxAXRiKQ", "id": "avantages-et-co-paris", "categories": [{"alias": "amusementparks", "title": "Amusement Parks"}], "phone": "+33611703609", "photos": ["https://s3-media3.fl.yelpcdn.com/bphoto/wn4CipWH8Z6YywglhDhnPg/o.jpg"], "is_claimed": false, "rating": 0.0, "review_count": 0, "image_url": "https://s3-media2.fl.yelpcdn.com/bphoto/wn4CipWH8Z6YywglhDhnPg/o.jpg", "coordinates": {"latitude": 48.8952408, "longitude": 2.34688}, "name": "Avantages Et Co"}