{"location": {"city": "Paris", "address2": "Page Fermee Par Le Proprietaire", "zip_code": "", "address3": null, "address1": "Ferme Ferme Par Le Proprietaire", "country": "FR", "state": "75"}, "categories": [{"alias": "theater", "title": "Performing Arts"}, {"alias": "comedyclubs", "title": "Comedy Clubs"}], "is_closed": false, "price": "\u20ac\u20ac\u20ac", "url": "https://www.yelp.com/biz/bal-du-moulin-rouge-paris-2?adjust_creative=92p07_JjKyriZTQxAXRiKQ&utm_campaign=yelp_api_v3&utm_medium=api_v3_business_lookup&utm_source=92p07_JjKyriZTQxAXRiKQ", "id": "bal-du-moulin-rouge-paris-2", "phone": "", "photos": ["https://s3-media3.fl.yelpcdn.com/bphoto/wEfZR_MYY4nGA_DzhWgqEg/o.jpg", "https://s3-media2.fl.yelpcdn.com/bphoto/1ga_rocyv8Hr_fg5man9bQ/o.jpg", "https://s3-media2.fl.yelpcdn.com/bphoto/JuzTGxn7QXRc7iDL2JFETQ/o.jpg"], "term": "attractions", "is_claimed": false, "rating": 3.5, "review_count": 36, "image_url": "https://s3-media3.fl.yelpcdn.com/bphoto/wEfZR_MYY4nGA_DzhWgqEg/o.jpg", "coordinates": {"latitude": 48.856614, "longitude": 2.3522219}, "name": "Bal du Moulin Rouge"}