{"id": "archibald-prize-sydney", "rating": 5.0, "coordinates": {"longitude": 151.2148424, "latitude": -33.8715119}, "is_claimed": false, "photos": [], "review_count": 1, "price": "$", "term": "attractions", "url": "https://www.yelp.com/biz/archibald-prize-sydney?adjust_creative=92p07_JjKyriZTQxAXRiKQ&utm_campaign=yelp_api_v3&utm_medium=api_v3_business_lookup&utm_source=92p07_JjKyriZTQxAXRiKQ", "categories": [{"alias": "galleries", "title": "Art Galleries"}], "location": {"address3": "", "zip_code": "2000", "address1": "Art Gallery of NSW", "address2": "Art Gallery Rd, The Domain", "city": "Sydney", "state": "NSW", "country": "AU"}, "is_closed": false, "phone": "", "image_url": "", "name": "Archibald Prize"}