{"id": "angel-cafe-bar-licensed-sydney", "rating": 5.0, "coordinates": {"longitude": 151.21807, "latitude": -33.75813}, "is_claimed": false, "hours": [{"is_open_now": false, "open": [{"is_overnight": false, "day": 0, "start": "0600", "end": "1700"}, {"is_overnight": false, "day": 1, "start": "0600", "end": "1700"}, {"is_overnight": false, "day": 2, "start": "0600", "end": "1700"}, {"is_overnight": false, "day": 3, "start": "0600", "end": "1700"}, {"is_overnight": false, "day": 4, "start": "0600", "end": "1700"}], "hours_type": "REGULAR"}], "photos": ["https://s3-media1.fl.yelpcdn.com/bphoto/XkMJkqyIzkWc3YgakBlBOw/o.jpg", "https://s3-media1.fl.yelpcdn.com/bphoto/OFl-Pq-45XynuQf_lcGx5w/o.jpg"], "review_count": 1, "term": "restaurants", "url": "https://www.yelp.com/biz/angel-cafe-bar-licensed-sydney?adjust_creative=92p07_JjKyriZTQxAXRiKQ&utm_campaign=yelp_api_v3&utm_medium=api_v3_business_lookup&utm_source=92p07_JjKyriZTQxAXRiKQ", "categories": [{"alias": "cafes", "title": "Cafes"}], "location": {"address3": null, "zip_code": "2000", "address1": "10 Angel Pl", "address2": null, "city": "Sydney", "state": "NSW", "country": "AU"}, "is_closed": false, "phone": "+61292320188", "image_url": "https://s3-media1.fl.yelpcdn.com/bphoto/XkMJkqyIzkWc3YgakBlBOw/o.jpg", "name": "Angel Cafe Bar-Licensed"}