{"price": "$$", "rating": 3.5, "coordinates": {"longitude": 151.203986406326, "latitude": -33.8761577767718}, "is_claimed": false, "hours": [{"is_open_now": true, "open": [{"is_overnight": true, "day": 0, "end": "0200", "start": "1030"}, {"is_overnight": true, "day": 1, "end": "0200", "start": "1030"}, {"is_overnight": true, "day": 2, "end": "0200", "start": "1030"}, {"is_overnight": true, "day": 3, "end": "0200", "start": "1030"}, {"is_overnight": true, "day": 4, "end": "0200", "start": "1030"}, {"is_overnight": true, "day": 5, "end": "0200", "start": "1030"}, {"is_overnight": true, "day": 6, "end": "0200", "start": "1030"}], "hours_type": "REGULAR"}], "photos": ["https://s3-media1.fl.yelpcdn.com/bphoto/iUPtI8q3FvlsSrtMhuaYPQ/o.jpg", "https://s3-media1.fl.yelpcdn.com/bphoto/Gv212VKddTUqbIeZzCMa8Q/o.jpg", "https://s3-media1.fl.yelpcdn.com/bphoto/iaOtFHFg2hrtLstE3e8z3A/o.jpg"], "review_count": 16, "id": "arisun-sydney", "term": "restaurants", "url": "https://www.yelp.com/biz/arisun-sydney?adjust_creative=92p07_JjKyriZTQxAXRiKQ&utm_campaign=yelp_api_v3&utm_medium=api_v3_business_lookup&utm_source=92p07_JjKyriZTQxAXRiKQ", "categories": [{"alias": "korean", "title": "Korean"}], "location": {"address3": "", "zip_code": "2000", "address1": "1 Dixon St", "state": "NSW", "city": "Sydney", "address2": "Haymarket, Chinatown", "country": "AU"}, "is_closed": false, "phone": "+61292641588", "image_url": "https://s3-media1.fl.yelpcdn.com/bphoto/iUPtI8q3FvlsSrtMhuaYPQ/o.jpg", "name": "Arisun"}