{"price": "$$", "rating": 3.5, "coordinates": {"longitude": 151.2063124, "latitude": -33.8678727}, "is_claimed": true, "photos": ["https://s3-media4.fl.yelpcdn.com/bphoto/7Gwaddpu7gMoqUbbtT4Fgw/o.jpg", "https://s3-media3.fl.yelpcdn.com/bphoto/k5Pm7obTNPao93R-RI8nuw/o.jpg", "https://s3-media1.fl.yelpcdn.com/bphoto/lgjDuDTorCzvnTSdIXNZUw/o.jpg"], "review_count": 8, "id": "athenian-greek-restaurant-sydney", "term": "restaurants", "url": "https://www.yelp.com/biz/athenian-greek-restaurant-sydney?adjust_creative=92p07_JjKyriZTQxAXRiKQ&utm_campaign=yelp_api_v3&utm_medium=api_v3_business_lookup&utm_source=92p07_JjKyriZTQxAXRiKQ", "categories": [{"alias": "greek", "title": "Greek"}, {"alias": "salad", "title": "Salad"}, {"alias": "wine_bars", "title": "Wine Bars"}], "location": {"address3": null, "zip_code": "2000", "address1": "11 Barrack St", "state": "NSW", "city": "Sydney", "address2": null, "country": "AU"}, "is_closed": false, "phone": "+61292622624", "image_url": "https://s3-media4.fl.yelpcdn.com/bphoto/7Gwaddpu7gMoqUbbtT4Fgw/o.jpg", "name": "Athenian Greek Restaurant"}