{"id": "aunty-pasto-sydney", "rating": 4.0, "coordinates": {"longitude": 151.1959808, "latitude": -33.8569726}, "is_claimed": false, "photos": [], "review_count": 1, "term": "restaurants", "url": "https://www.yelp.com/biz/aunty-pasto-sydney?adjust_creative=92p07_JjKyriZTQxAXRiKQ&utm_campaign=yelp_api_v3&utm_medium=api_v3_business_lookup&utm_source=92p07_JjKyriZTQxAXRiKQ", "categories": [{"alias": "delis", "title": "Delis"}, {"alias": "cafes", "title": "Cafes"}], "location": {"address3": null, "zip_code": "2041", "address1": "Darling Street 58", "address2": "Balmain East", "city": "Sydney", "state": "NSW", "country": "AU"}, "is_closed": false, "phone": "+61298187594", "image_url": "", "name": "Aunty Pasto"}