{"id": "avenue-on-chifley-sydney", "rating": 4.0, "coordinates": {"longitude": 151.2117462, "latitude": -33.86586}, "is_claimed": false, "photos": ["https://s3-media2.fl.yelpcdn.com/bphoto/yvrTYrqJJsMuKSBOYqozZg/o.jpg", "https://s3-media3.fl.yelpcdn.com/bphoto/dxrl0ApY1sfx4s5C_utbtg/o.jpg", "https://s3-media3.fl.yelpcdn.com/bphoto/x8TOhbnXB8Rtos7sbktAZQ/o.jpg"], "review_count": 5, "price": "$$", "term": "restaurants", "url": "https://www.yelp.com/biz/avenue-on-chifley-sydney?adjust_creative=92p07_JjKyriZTQxAXRiKQ&utm_campaign=yelp_api_v3&utm_medium=api_v3_business_lookup&utm_source=92p07_JjKyriZTQxAXRiKQ", "categories": [{"alias": "restaurants", "title": "Restaurants"}], "location": {"address3": null, "zip_code": "2000", "address1": "2 Chifley Sq", "address2": null, "city": "Sydney", "state": "NSW", "country": "AU"}, "is_closed": false, "phone": "+61292217599", "image_url": "https://s3-media2.fl.yelpcdn.com/bphoto/yvrTYrqJJsMuKSBOYqozZg/o.jpg", "name": "Avenue On Chifley"}