{"id": "avenue-road-cafe-sydney", "rating": 3.5, "coordinates": {"longitude": 151.24390307148, "latitude": -33.830229676157}, "is_claimed": false, "hours": [{"is_open_now": true, "open": [{"is_overnight": false, "day": 0, "start": "0600", "end": "1630"}, {"is_overnight": false, "day": 1, "start": "0600", "end": "1630"}, {"is_overnight": false, "day": 2, "start": "0600", "end": "1630"}, {"is_overnight": false, "day": 3, "start": "0600", "end": "1630"}, {"is_overnight": false, "day": 4, "start": "0600", "end": "1630"}, {"is_overnight": false, "day": 5, "start": "0600", "end": "1630"}, {"is_overnight": false, "day": 6, "start": "0600", "end": "1630"}], "hours_type": "REGULAR"}], "photos": ["https://s3-media2.fl.yelpcdn.com/bphoto/eFPHNdZmJzkecIdB9qdj0Q/o.jpg", "https://s3-media3.fl.yelpcdn.com/bphoto/F_JOziD-vyvuRlrPmjo8Mw/o.jpg", "https://s3-media3.fl.yelpcdn.com/bphoto/7VC6-vCfBNFeCiE1v8h08Q/o.jpg"], "review_count": 15, "price": "$", "term": "restaurants", "url": "https://www.yelp.com/biz/avenue-road-cafe-sydney?adjust_creative=92p07_JjKyriZTQxAXRiKQ&utm_campaign=yelp_api_v3&utm_medium=api_v3_business_lookup&utm_source=92p07_JjKyriZTQxAXRiKQ", "categories": [{"alias": "cafes", "title": "Cafes"}, {"alias": "breakfast_brunch", "title": "Breakfast & Brunch"}], "location": {"address3": null, "zip_code": "2088", "address1": "185 Avenue Rd", "address2": "Mosman", "city": "Sydney", "state": "NSW", "country": "AU"}, "is_closed": false, "phone": "+61299698999", "image_url": "https://s3-media4.fl.yelpcdn.com/bphoto/eFPHNdZmJzkecIdB9qdj0Q/o.jpg", "name": "Avenue Road Cafe"}