{"price": "$$", "rating": 4.0, "coordinates": {"longitude": 151.206250190735, "latitude": -33.871128200314}, "is_claimed": false, "photos": ["https://s3-media2.fl.yelpcdn.com/bphoto/nhg7B0GB7ClluoPwOOnf4w/o.jpg", "https://s3-media1.fl.yelpcdn.com/bphoto/oBgDEcnkj3KQ_HilxaLmQQ/o.jpg", "https://s3-media2.fl.yelpcdn.com/bphoto/SSkh2A2ryIr7oOugmA4Ydw/o.jpg"], "review_count": 4, "id": "baba-laksa-house-sydney", "term": "restaurants", "url": "https://www.yelp.com/biz/baba-laksa-house-sydney?adjust_creative=92p07_JjKyriZTQxAXRiKQ&utm_campaign=yelp_api_v3&utm_medium=api_v3_business_lookup&utm_source=92p07_JjKyriZTQxAXRiKQ", "categories": [{"alias": "malaysian", "title": "Malaysian"}, {"alias": "asianfusion", "title": "Asian Fusion"}], "location": {"address3": "", "zip_code": "2000", "address1": "Grace Hotel", "state": "NSW", "city": "Sydney", "address2": "77-79 York St", "country": "AU"}, "is_closed": false, "phone": "+61292995833", "image_url": "https://s3-media2.fl.yelpcdn.com/bphoto/nhg7B0GB7ClluoPwOOnf4w/o.jpg", "name": "Baba Laksa House"}