{"price": "$$$", "rating": 4.0, "coordinates": {"longitude": 151.2096252, "latitude": -33.8723907}, "is_claimed": false, "hours": [{"is_open_now": false, "open": [{"is_overnight": false, "end": "1100", "start": "0700", "day": 0}, {"is_overnight": false, "end": "1500", "start": "1200", "day": 0}, {"is_overnight": false, "end": "2230", "start": "1730", "day": 0}, {"is_overnight": false, "end": "1100", "start": "0700", "day": 1}, {"is_overnight": false, "end": "1500", "start": "1200", "day": 1}, {"is_overnight": false, "end": "2230", "start": "1730", "day": 1}, {"is_overnight": false, "end": "1100", "start": "0700", "day": 2}, {"is_overnight": false, "end": "1500", "start": "1200", "day": 2}, {"is_overnight": false, "end": "2230", "start": "1730", "day": 2}, {"is_overnight": false, "end": "1100", "start": "0700", "day": 3}, {"is_overnight": false, "end": "1500", "start": "1200", "day": 3}, {"is_overnight": false, "end": "2230", "start": "1730", "day": 3}, {"is_overnight": false, "end": "1100", "start": "0700", "day": 4}, {"is_overnight": false, "end": "1500", "start": "1200", "day": 4}, {"is_overnight": false, "end": "2230", "start": "1730", "day": 4}, {"is_overnight": false, "end": "2230", "start": "1730", "day": 5}], "hours_type": "REGULAR"}], "photos": ["https://s3-media1.fl.yelpcdn.com/bphoto/31fB5oWe_Z7WkvGIUCgvig/o.jpg", "https://s3-media2.fl.yelpcdn.com/bphoto/8pYtt6DkRYdlfCW1YrBlOg/o.jpg", "https://s3-media1.fl.yelpcdn.com/bphoto/s7CU32ugWgd_9LLqRtknbg/o.jpg"], "review_count": 13, "id": "bambini-trust-cafe-and-wine-room-sydney", "term": "restaurants", "url": "https://www.yelp.com/biz/bambini-trust-cafe-and-wine-room-sydney?adjust_creative=92p07_JjKyriZTQxAXRiKQ&utm_campaign=yelp_api_v3&utm_medium=api_v3_business_lookup&utm_source=92p07_JjKyriZTQxAXRiKQ", "categories": [{"title": "Cafes", "alias": "cafes"}, {"title": "Modern European", "alias": "modern_european"}, {"title": "Wine Bars", "alias": "wine_bars"}], "image_url": "https://s3-media2.fl.yelpcdn.com/bphoto/31fB5oWe_Z7WkvGIUCgvig/o.jpg", "is_closed": false, "phone": "+61292837098", "location": {"address3": null, "zip_code": "2000", "address1": "185 Elizabeth St", "address2": null, "city": "Sydney", "state": "NSW", "country": "AU"}, "name": "Bambini Trust Cafe & Wine Room"}