{"id": "bang-street-food-sydney", "rating": 4.0, "coordinates": {"longitude": 151.2143402, "latitude": -33.8844452}, "is_claimed": true, "hours": [{"is_open_now": false, "open": [{"is_overnight": false, "day": 1, "end": "0000", "start": "1800"}, {"is_overnight": false, "day": 2, "end": "0000", "start": "1800"}, {"is_overnight": false, "day": 3, "end": "0000", "start": "1800"}, {"is_overnight": false, "day": 4, "end": "0000", "start": "1200"}, {"is_overnight": false, "day": 5, "end": "0000", "start": "1200"}], "hours_type": "REGULAR"}], "photos": ["https://s3-media1.fl.yelpcdn.com/bphoto/qjPPKYumPnR1Pt4D70bcRQ/o.jpg", "https://s3-media2.fl.yelpcdn.com/bphoto/MmqIYp_fT4bt_nKJ6j528g/o.jpg", "https://s3-media3.fl.yelpcdn.com/bphoto/WCVYQ10PoMh92fh2u2F1Nw/o.jpg"], "review_count": 10, "price": "$$$", "term": "restaurants", "url": "https://www.yelp.com/biz/bang-street-food-sydney?adjust_creative=92p07_JjKyriZTQxAXRiKQ&utm_campaign=yelp_api_v3&utm_medium=api_v3_business_lookup&utm_source=92p07_JjKyriZTQxAXRiKQ", "categories": [{"title": "Bangladeshi", "alias": "bangladeshi"}], "location": {"address3": "", "zip_code": "2010", "address1": "3/410 Crown St", "address2": null, "city": "Sydney", "state": "NSW", "country": "AU"}, "is_closed": false, "phone": "+61283541096", "image_url": "https://s3-media2.fl.yelpcdn.com/bphoto/qjPPKYumPnR1Pt4D70bcRQ/o.jpg", "name": "BANG Street Food"}