{"price": "$", "rating": 4.5, "coordinates": {"longitude": 151.20836, "latitude": -33.87658}, "is_claimed": true, "photos": ["https://s3-media2.fl.yelpcdn.com/bphoto/8Xf_cJk51a5_anV9YNd5AQ/o.jpg", "https://s3-media3.fl.yelpcdn.com/bphoto/Loe1Pv6hBSxsJ2RKfJhPJg/o.jpg", "https://s3-media3.fl.yelpcdn.com/bphoto/-zVkcT-5c-rvXQQ8YUrlPw/o.jpg"], "review_count": 4, "id": "banh-mese-sydney", "term": "restaurants", "url": "https://www.yelp.com/biz/banh-mese-sydney?adjust_creative=92p07_JjKyriZTQxAXRiKQ&utm_campaign=yelp_api_v3&utm_medium=api_v3_business_lookup&utm_source=92p07_JjKyriZTQxAXRiKQ", "categories": [{"alias": "vietnamese", "title": "Vietnamese"}, {"alias": "sandwiches", "title": "Sandwiches"}], "location": {"address3": "", "zip_code": "2000", "address1": "130 Liverpool St", "state": "NSW", "city": "Sydney", "address2": "", "country": "AU"}, "is_closed": false, "phone": "+61280681901", "image_url": "https://s3-media1.fl.yelpcdn.com/bphoto/8Xf_cJk51a5_anV9YNd5AQ/o.jpg", "name": "Banh Mese"}