{"id": "bar-tapavino-sydney", "rating": 4.0, "coordinates": {"longitude": 151.2094749, "latitude": -33.8623705}, "is_claimed": true, "hours": [{"is_open_now": false, "open": [{"is_overnight": false, "day": 0, "end": "2330", "start": "1200"}, {"is_overnight": false, "day": 1, "end": "2330", "start": "1200"}, {"is_overnight": false, "day": 2, "end": "2330", "start": "1200"}, {"is_overnight": false, "day": 3, "end": "2330", "start": "1200"}, {"is_overnight": false, "day": 4, "end": "2330", "start": "1200"}, {"is_overnight": false, "day": 5, "end": "2330", "start": "1700"}], "hours_type": "REGULAR"}], "photos": ["https://s3-media4.fl.yelpcdn.com/bphoto/0IpNpKDW0yGD6g_qcyhBWA/o.jpg", "https://s3-media2.fl.yelpcdn.com/bphoto/f0CdPAbYdtNq6Xb7Bpxd8w/o.jpg", "https://s3-media1.fl.yelpcdn.com/bphoto/5xtVYip23kwcgv4REMMF5g/o.jpg"], "review_count": 39, "price": "$$$", "term": "restaurants", "url": "https://www.yelp.com/biz/bar-tapavino-sydney?adjust_creative=92p07_JjKyriZTQxAXRiKQ&utm_campaign=yelp_api_v3&utm_medium=api_v3_business_lookup&utm_source=92p07_JjKyriZTQxAXRiKQ", "categories": [{"title": "Spanish", "alias": "spanish"}, {"title": "Wine Bars", "alias": "wine_bars"}], "location": {"address3": "", "zip_code": "2000", "address1": "6 Bulletin Pl", "address2": "", "city": "Sydney", "state": "NSW", "country": "AU"}, "is_closed": false, "phone": "+61292473221", "image_url": "https://s3-media1.fl.yelpcdn.com/bphoto/0IpNpKDW0yGD6g_qcyhBWA/o.jpg", "name": "Bar Tapavino"}