{"price": "$", "rating": 4.5, "coordinates": {"longitude": 151.1928055, "latitude": -33.86997}, "is_claimed": false, "photos": ["https://s3-media2.fl.yelpcdn.com/bphoto/63XAKYeQvysAdvaNaKEvYw/o.jpg", "https://s3-media2.fl.yelpcdn.com/bphoto/vopgmp97l3vRzVc1Rf3H-A/o.jpg", "https://s3-media4.fl.yelpcdn.com/bphoto/anTzhRtTs35y9iw6SwQ4cA/o.jpg"], "review_count": 2, "id": "bar-anonimo-sydney", "term": "restaurants", "url": "https://www.yelp.com/biz/bar-anonimo-sydney?adjust_creative=92p07_JjKyriZTQxAXRiKQ&utm_campaign=yelp_api_v3&utm_medium=api_v3_business_lookup&utm_source=92p07_JjKyriZTQxAXRiKQ", "categories": [{"alias": "cafes", "title": "Cafes"}, {"alias": "italian", "title": "Italian"}], "location": {"address3": "", "zip_code": "2009", "address1": "Shop 120", "state": "NSW", "city": "Sydney", "address2": "104 Miller St", "country": "AU"}, "is_closed": false, "phone": "+61401383232", "image_url": "https://s3-media4.fl.yelpcdn.com/bphoto/63XAKYeQvysAdvaNaKEvYw/o.jpg", "name": "Bar Anonimo"}