{"id": "bar-pho-sydney", "rating": 5.0, "coordinates": {"longitude": 151.2069776, "latitude": -33.8674769}, "is_claimed": false, "hours": [{"is_open_now": false, "open": [{"is_overnight": false, "day": 0, "start": "0800", "end": "1700"}, {"is_overnight": false, "day": 1, "start": "0800", "end": "1700"}, {"is_overnight": false, "day": 2, "start": "0800", "end": "1700"}, {"is_overnight": false, "day": 3, "start": "0800", "end": "1700"}, {"is_overnight": false, "day": 4, "start": "0800", "end": "1700"}], "hours_type": "REGULAR"}], "photos": ["https://s3-media1.fl.yelpcdn.com/bphoto/WrzVWKAO6ZiNq3gY4UTW7Q/o.jpg", "https://s3-media4.fl.yelpcdn.com/bphoto/gsTfOmJoHIsdGAZ81sXe6w/o.jpg", "https://s3-media3.fl.yelpcdn.com/bphoto/XvgKIpFcgFjzZi2K6GxS-w/o.jpg"], "review_count": 2, "term": "restaurants", "url": "https://www.yelp.com/biz/bar-pho-sydney?adjust_creative=92p07_JjKyriZTQxAXRiKQ&utm_campaign=yelp_api_v3&utm_medium=api_v3_business_lookup&utm_source=92p07_JjKyriZTQxAXRiKQ", "categories": [{"alias": "vietnamese", "title": "Vietnamese"}, {"alias": "noodles", "title": "Noodles"}], "location": {"address3": "", "zip_code": "2000", "address1": "Wintergarden Food Court", "address2": "1 O'Connell St", "city": "Sydney", "state": "NSW", "country": "AU"}, "is_closed": false, "phone": "+61405031600", "image_url": "https://s3-media3.fl.yelpcdn.com/bphoto/WrzVWKAO6ZiNq3gY4UTW7Q/o.jpg", "name": "Bar Pho"}