{"id": "barista-and-cook-sydney", "rating": 4.0, "coordinates": {"longitude": 151.2097485, "latitude": -33.9012417}, "is_claimed": false, "hours": [{"is_open_now": true, "open": [{"is_overnight": false, "day": 0, "start": "0600", "end": "1600"}, {"is_overnight": false, "day": 1, "start": "0600", "end": "1600"}, {"is_overnight": false, "day": 2, "start": "0600", "end": "1600"}, {"is_overnight": false, "day": 3, "start": "0600", "end": "1600"}, {"is_overnight": false, "day": 4, "start": "0600", "end": "1600"}, {"is_overnight": false, "day": 5, "start": "0800", "end": "1500"}, {"is_overnight": false, "day": 6, "start": "0800", "end": "1500"}], "hours_type": "REGULAR"}], "photos": ["https://s3-media1.fl.yelpcdn.com/bphoto/YpeVZtpgdrniejJhW-Ww3g/o.jpg", "https://s3-media1.fl.yelpcdn.com/bphoto/5N3HIezInNxMeCoZNqORDQ/o.jpg", "https://s3-media2.fl.yelpcdn.com/bphoto/ovJv13B9PeDuS1TObY_qiQ/o.jpg"], "review_count": 12, "price": "$$", "term": "restaurants", "url": "https://www.yelp.com/biz/barista-and-cook-sydney?adjust_creative=92p07_JjKyriZTQxAXRiKQ&utm_campaign=yelp_api_v3&utm_medium=api_v3_business_lookup&utm_source=92p07_JjKyriZTQxAXRiKQ", "categories": [{"alias": "coffee", "title": "Coffee & Tea"}, {"alias": "breakfast_brunch", "title": "Breakfast & Brunch"}], "location": {"address3": "", "zip_code": "2017", "address1": "834 Bourke St", "address2": null, "city": "Sydney", "state": "NSW", "country": "AU"}, "is_closed": false, "phone": "+61283991234", "image_url": "https://s3-media4.fl.yelpcdn.com/bphoto/YpeVZtpgdrniejJhW-Ww3g/o.jpg", "name": "Barista & Cook"}