{"id": "ashley-macs-birmingham-3", "rating": 4.5, "coordinates": {"longitude": -86.7269726, "latitude": 33.4596751}, "is_claimed": true, "hours": [{"is_open_now": false, "open": [{"is_overnight": false, "day": 0, "start": "1030", "end": "2000"}, {"is_overnight": false, "day": 1, "start": "1030", "end": "2000"}, {"is_overnight": false, "day": 2, "start": "1030", "end": "2000"}, {"is_overnight": false, "day": 3, "start": "1030", "end": "2000"}, {"is_overnight": false, "day": 4, "start": "1030", "end": "2000"}, {"is_overnight": false, "day": 5, "start": "1030", "end": "2000"}], "hours_type": "REGULAR"}], "photos": ["https://s3-media1.fl.yelpcdn.com/bphoto/ekGEQd553Bb_AD4gQX1GNQ/o.jpg", "https://s3-media4.fl.yelpcdn.com/bphoto/Mg0bGpn0vhktnnzLxqDI4g/o.jpg", "https://s3-media2.fl.yelpcdn.com/bphoto/_HfsTxQOiWA9_EXI7xsDwA/o.jpg"], "review_count": 5, "price": "$", "term": "restaurants", "url": "https://www.yelp.com/biz/ashley-macs-birmingham-3?adjust_creative=92p07_JjKyriZTQxAXRiKQ&utm_campaign=yelp_api_v3&utm_medium=api_v3_business_lookup&utm_source=92p07_JjKyriZTQxAXRiKQ", "categories": [{"alias": "desserts", "title": "Desserts"}, {"alias": "cafes", "title": "Cafes"}], "location": {"address3": "", "zip_code": "35243", "address1": "3147 Green Valley Rd", "address2": "", "city": "Birmingham", "state": "AL", "country": "US"}, "is_closed": false, "phone": "+12058224142", "image_url": "https://s3-media2.fl.yelpcdn.com/bphoto/ekGEQd553Bb_AD4gQX1GNQ/o.jpg", "name": "Ashley Mac's"}