{"id": "ashley-macs-birmingham-5", "rating": 4.0, "coordinates": {"longitude": -86.6987026172424, "latitude": 33.4146021824317}, "is_claimed": true, "hours": [{"is_open_now": false, "open": [{"is_overnight": false, "day": 0, "start": "1030", "end": "2000"}, {"is_overnight": false, "day": 1, "start": "1030", "end": "2000"}, {"is_overnight": false, "day": 2, "start": "1030", "end": "2000"}, {"is_overnight": false, "day": 3, "start": "1030", "end": "2000"}, {"is_overnight": false, "day": 4, "start": "1030", "end": "2000"}, {"is_overnight": false, "day": 5, "start": "1030", "end": "2000"}], "hours_type": "REGULAR"}], "photos": ["https://s3-media2.fl.yelpcdn.com/bphoto/4Pdp2Jl5gvR4fkDCqpPpHA/o.jpg", "https://s3-media1.fl.yelpcdn.com/bphoto/hF6gq0T63RsA6Nhxx9acwA/o.jpg", "https://s3-media1.fl.yelpcdn.com/bphoto/SBl7rh8ZergVONcB8GHe_Q/o.jpg"], "review_count": 15, "price": "$$", "term": "restaurants", "url": "https://www.yelp.com/biz/ashley-macs-birmingham-5?adjust_creative=92p07_JjKyriZTQxAXRiKQ&utm_campaign=yelp_api_v3&utm_medium=api_v3_business_lookup&utm_source=92p07_JjKyriZTQxAXRiKQ", "categories": [{"title": "Desserts", "alias": "desserts"}, {"title": "Cafes", "alias": "cafes"}, {"title": "Sandwiches", "alias": "sandwiches"}], "image_url": "https://s3-media3.fl.yelpcdn.com/bphoto/4Pdp2Jl5gvR4fkDCqpPpHA/o.jpg", "is_closed": false, "phone": "+12058224142", "location": {"address3": "", "zip_code": "35242", "address1": "5299 Valleydale Rd", "state": "AL", "city": "Birmingham", "address2": "", "country": "US"}, "name": "Ashley Mac's"}