{"id": "asian-rim-birmingham", "rating": 4.0, "coordinates": {"longitude": -86.727803, "latitude": 33.439983}, "is_claimed": true, "hours": [{"is_open_now": false, "open": [{"is_overnight": false, "day": 0, "start": "1130", "end": "2130"}, {"is_overnight": false, "day": 1, "start": "1130", "end": "2130"}, {"is_overnight": false, "day": 2, "start": "1130", "end": "2130"}, {"is_overnight": false, "day": 3, "start": "1130", "end": "2130"}, {"is_overnight": false, "day": 4, "start": "1130", "end": "2200"}, {"is_overnight": false, "day": 5, "start": "1130", "end": "2200"}, {"is_overnight": false, "day": 6, "start": "1130", "end": "2000"}], "hours_type": "REGULAR"}], "photos": ["https://s3-media2.fl.yelpcdn.com/bphoto/vP9hUjv-ctUgBWzRjW4_1w/o.jpg", "https://s3-media2.fl.yelpcdn.com/bphoto/cxLl9CbfODl7HloIISLN1g/o.jpg", "https://s3-media1.fl.yelpcdn.com/bphoto/z3peEa07pZmbjagb-0J76Q/o.jpg"], "review_count": 106, "price": "$$", "term": "restaurants", "url": "https://www.yelp.com/biz/asian-rim-birmingham?adjust_creative=92p07_JjKyriZTQxAXRiKQ&utm_campaign=yelp_api_v3&utm_medium=api_v3_business_lookup&utm_source=92p07_JjKyriZTQxAXRiKQ", "categories": [{"title": "Asian Fusion", "alias": "asianfusion"}, {"title": "Sushi Bars", "alias": "sushi"}, {"title": "Thai", "alias": "thai"}], "image_url": "https://s3-media2.fl.yelpcdn.com/bphoto/vP9hUjv-ctUgBWzRjW4_1w/o.jpg", "is_closed": false, "phone": "+12054901444", "location": {"address3": "", "zip_code": "35243", "address1": "3419 Colonnade Pkwy", "state": "AL", "city": "Birmingham", "address2": "Ste 100", "country": "US"}, "name": "Asian Rim"}