{"id": "antarctica-cruises-and-tours-canberra", "rating": 0.0, "coordinates": {"longitude": 149.1321411, "latitude": -35.2784386}, "is_claimed": false, "photos": [], "review_count": 0, "term": "hotels", "url": "https://www.yelp.com/biz/antarctica-cruises-and-tours-canberra?adjust_creative=92p07_JjKyriZTQxAXRiKQ&utm_campaign=yelp_api_v3&utm_medium=api_v3_business_lookup&utm_source=92p07_JjKyriZTQxAXRiKQ", "categories": [{"alias": "travelservices", "title": "Travel Services"}], "location": {"address3": null, "zip_code": "2601", "address1": "Garema Cntr", "address2": null, "city": "Canberra", "state": "ACT", "country": "AU"}, "is_closed": false, "phone": "+61262496122", "image_url": "", "name": "Antarctica Cruises & Tours"}