{"price": "\u00a3\u00a3\u00a3", "rating": 4.5, "coordinates": {"longitude": -0.1744239, "latitude": 51.5131149}, "is_claimed": true, "hours": [{"is_open_now": false, "open": [{"is_overnight": false, "day": 0, "start": "1000", "end": "2300"}, {"is_overnight": false, "day": 1, "start": "1000", "end": "2300"}, {"is_overnight": false, "day": 2, "start": "1000", "end": "2300"}, {"is_overnight": false, "day": 3, "start": "1000", "end": "2300"}, {"is_overnight": false, "day": 4, "start": "1000", "end": "2300"}, {"is_overnight": false, "day": 5, "start": "1000", "end": "2300"}, {"is_overnight": false, "day": 6, "start": "1000", "end": "2200"}], "hours_type": "REGULAR"}], "photos": ["https://s3-media3.fl.yelpcdn.com/bphoto/mBdouPHezOgXAF0ifngl-w/o.jpg", "https://s3-media2.fl.yelpcdn.com/bphoto/tmLz5MyLPQtYZRnbFDrD8Q/o.jpg", "https://s3-media1.fl.yelpcdn.com/bphoto/hTHVIgm-RRkDozx8DJCUgg/o.jpg"], "review_count": 22, "id": "angelus-restaurant-london", "term": "restaurants", "url": "https://www.yelp.com/biz/angelus-restaurant-london?adjust_creative=92p07_JjKyriZTQxAXRiKQ&utm_campaign=yelp_api_v3&utm_medium=api_v3_business_lookup&utm_source=92p07_JjKyriZTQxAXRiKQ", "categories": [{"alias": "french", "title": "French"}], "location": {"address3": "", "zip_code": "W2 2SD", "address1": "4 Bathurst Street", "address2": "", "city": "London", "state": "XGL", "country": "GB"}, "is_closed": false, "phone": "+442074020083", "image_url": "https://s3-media4.fl.yelpcdn.com/bphoto/mBdouPHezOgXAF0ifngl-w/o.jpg", "name": "Angelus Restaurant"}