{"price": "\u00a3\u00a3", "rating": 4.5, "coordinates": {"longitude": -0.081504024382022, "latitude": 51.4980201177507}, "is_claimed": true, "hours": [{"is_open_now": false, "open": [{"is_overnight": false, "day": 1, "end": "1500", "start": "1200"}, {"is_overnight": false, "day": 1, "end": "2200", "start": "1800"}, {"is_overnight": false, "day": 2, "end": "1500", "start": "1200"}, {"is_overnight": false, "day": 2, "end": "2200", "start": "1800"}, {"is_overnight": false, "day": 3, "end": "1500", "start": "1200"}, {"is_overnight": false, "day": 3, "end": "2200", "start": "1800"}, {"is_overnight": false, "day": 4, "end": "1500", "start": "1200"}, {"is_overnight": false, "day": 4, "end": "2200", "start": "1800"}, {"is_overnight": false, "day": 5, "end": "1500", "start": "1200"}, {"is_overnight": false, "day": 5, "end": "2200", "start": "1800"}, {"is_overnight": false, "day": 6, "end": "1500", "start": "1200"}, {"is_overnight": false, "day": 6, "end": "2130", "start": "1800"}], "hours_type": "REGULAR"}], "photos": ["https://s3-media4.fl.yelpcdn.com/bphoto/hFIR1vz92sunDeABNLe7ww/o.jpg", "https://s3-media3.fl.yelpcdn.com/bphoto/OV193tTc0zvUmpqKn1w8DQ/o.jpg", "https://s3-media4.fl.yelpcdn.com/bphoto/V1d_Bqs_ksQz3rLcG1NpKw/o.jpg"], "review_count": 37, "id": "antico-restaurant-london-2", "term": "restaurants", "url": "https://www.yelp.com/biz/antico-restaurant-london-2?adjust_creative=92p07_JjKyriZTQxAXRiKQ&utm_campaign=yelp_api_v3&utm_medium=api_v3_business_lookup&utm_source=92p07_JjKyriZTQxAXRiKQ", "categories": [{"alias": "italian", "title": "Italian"}, {"alias": "bars", "title": "Bars"}], "location": {"address3": "", "zip_code": "SE1 3TQ", "address1": "214 Bermondsey Street", "state": "XGL", "city": "London", "address2": "", "country": "GB"}, "is_closed": false, "phone": "+442074074682", "image_url": "https://s3-media4.fl.yelpcdn.com/bphoto/hFIR1vz92sunDeABNLe7ww/o.jpg", "name": "Antico Restaurant"}