{"price": "\u00a3\u00a3", "rating": 4.0, "coordinates": {"longitude": -0.1754252, "latitude": 51.4942298}, "is_claimed": true, "hours": [{"is_open_now": false, "open": [{"is_overnight": false, "day": 0, "start": "0630", "end": "2230"}, {"is_overnight": false, "day": 1, "start": "0630", "end": "2230"}, {"is_overnight": false, "day": 2, "start": "0630", "end": "2230"}, {"is_overnight": false, "day": 3, "start": "0630", "end": "2230"}, {"is_overnight": false, "day": 4, "start": "0630", "end": "2230"}, {"is_overnight": false, "day": 5, "start": "0630", "end": "2230"}, {"is_overnight": false, "day": 6, "start": "0630", "end": "2230"}], "hours_type": "REGULAR"}], "photos": ["https://s3-media1.fl.yelpcdn.com/bphoto/zh13K8yC_7aGy_y26sn-aw/o.jpg", "https://s3-media4.fl.yelpcdn.com/bphoto/qbqn7vhRabz-JMoPC24N2g/o.jpg", "https://s3-media3.fl.yelpcdn.com/bphoto/mnxgTd_6K8zYcDCNCu4CfQ/o.jpg"], "review_count": 29, "id": "apero-restaurant-and-bar-london", "term": "restaurants", "url": "https://www.yelp.com/biz/apero-restaurant-and-bar-london?adjust_creative=92p07_JjKyriZTQxAXRiKQ&utm_campaign=yelp_api_v3&utm_medium=api_v3_business_lookup&utm_source=92p07_JjKyriZTQxAXRiKQ", "categories": [{"alias": "mediterranean", "title": "Mediterranean"}, {"alias": "breakfast_brunch", "title": "Breakfast & Brunch"}, {"alias": "bars", "title": "Bars"}], "location": {"address3": "", "zip_code": "SW7 3ER", "address1": "2 Harrington Road", "address2": "South Kensington", "city": "London", "state": "XGL", "country": "GB"}, "is_closed": false, "phone": "+442075914410", "image_url": "https://s3-media3.fl.yelpcdn.com/bphoto/zh13K8yC_7aGy_y26sn-aw/o.jpg", "name": "Apero Restaurant and Bar"}