{"price": "\u00a3\u00a3", "rating": 4.5, "coordinates": {"longitude": -0.1003585, "latitude": 51.5190086}, "is_claimed": true, "hours": [{"is_open_now": false, "open": [{"is_overnight": false, "end": "2300", "start": "1200", "day": 0}, {"is_overnight": false, "end": "2300", "start": "1200", "day": 1}, {"is_overnight": false, "end": "2300", "start": "1200", "day": 2}, {"is_overnight": false, "end": "2300", "start": "1200", "day": 3}, {"is_overnight": false, "end": "2300", "start": "1200", "day": 4}, {"is_overnight": false, "end": "2230", "start": "1730", "day": 5}], "hours_type": "REGULAR"}], "photos": ["https://s3-media2.fl.yelpcdn.com/bphoto/qcj00uhfHJj_fryjIRamCw/o.jpg", "https://s3-media1.fl.yelpcdn.com/bphoto/e22ySPIeYeVwCEKw4bN-JQ/o.jpg", "https://s3-media2.fl.yelpcdn.com/bphoto/G5AmC2kbN6tyOuWtpkg-qA/o.jpg"], "review_count": 12, "id": "apulia-london", "term": "restaurants", "url": "https://www.yelp.com/biz/apulia-london?adjust_creative=92p07_JjKyriZTQxAXRiKQ&utm_campaign=yelp_api_v3&utm_medium=api_v3_business_lookup&utm_source=92p07_JjKyriZTQxAXRiKQ", "categories": [{"title": "Italian", "alias": "italian"}], "image_url": "https://s3-media3.fl.yelpcdn.com/bphoto/qcj00uhfHJj_fryjIRamCw/o.jpg", "is_closed": false, "phone": "+442076008107", "location": {"address3": "", "zip_code": "EC1A 9EJ", "address1": "50 Long Lane", "address2": "Barbican", "city": "London", "state": "XGL", "country": "GB"}, "name": "Apulia"}