{"price": "\u00a3", "rating": 4.0, "coordinates": {"longitude": -0.1975001, "latitude": 51.5098497}, "is_claimed": true, "hours": [{"is_open_now": false, "open": [{"is_overnight": false, "day": 0, "start": "0730", "end": "2230"}, {"is_overnight": false, "day": 1, "start": "0730", "end": "2230"}, {"is_overnight": false, "day": 2, "start": "0730", "end": "2230"}, {"is_overnight": false, "day": 3, "start": "0730", "end": "2230"}, {"is_overnight": false, "day": 4, "start": "0730", "end": "2300"}, {"is_overnight": false, "day": 5, "start": "0730", "end": "2300"}, {"is_overnight": false, "day": 6, "start": "0900", "end": "2230"}], "hours_type": "REGULAR"}], "photos": ["https://s3-media4.fl.yelpcdn.com/bphoto/bFlC_K604SuR7urea6pnrA/o.jpg", "https://s3-media2.fl.yelpcdn.com/bphoto/v6VEarZeNnY6-6-ls0ZcFA/o.jpg", "https://s3-media1.fl.yelpcdn.com/bphoto/ECI4QBs7WMVebAlm_L7CGA/o.jpg"], "review_count": 56, "id": "arancina-london", "term": "restaurants", "url": "https://www.yelp.com/biz/arancina-london?adjust_creative=92p07_JjKyriZTQxAXRiKQ&utm_campaign=yelp_api_v3&utm_medium=api_v3_business_lookup&utm_source=92p07_JjKyriZTQxAXRiKQ", "categories": [{"alias": "italian", "title": "Italian"}, {"alias": "pizza", "title": "Pizza"}], "location": {"address3": "", "zip_code": "W11 3HG", "address1": "19 Pembridge Road", "address2": "", "city": "London", "state": "XGL", "country": "GB"}, "is_closed": false, "phone": "+442072217776", "image_url": "https://s3-media1.fl.yelpcdn.com/bphoto/bFlC_K604SuR7urea6pnrA/o.jpg", "name": "Arancina"}