{"price": "\u00a3\u00a3", "rating": 4.0, "coordinates": {"longitude": -0.0802071, "latitude": 51.5373195}, "is_claimed": true, "hours": [{"is_open_now": false, "open": [{"is_overnight": false, "day": 0, "start": "0800", "end": "2230"}, {"is_overnight": false, "day": 1, "start": "0800", "end": "2230"}, {"is_overnight": false, "day": 2, "start": "0800", "end": "2230"}, {"is_overnight": false, "day": 3, "start": "0800", "end": "2230"}, {"is_overnight": false, "day": 4, "start": "0800", "end": "2230"}, {"is_overnight": false, "day": 5, "start": "1000", "end": "2230"}, {"is_overnight": false, "day": 6, "start": "1000", "end": "1800"}], "hours_type": "REGULAR"}], "photos": ["https://s3-media2.fl.yelpcdn.com/bphoto/BoFE6ro8mBzF3mmapwQKuw/o.jpg", "https://s3-media3.fl.yelpcdn.com/bphoto/Yh4G-riom_4KUSFJIYmfIw/o.jpg", "https://s3-media1.fl.yelpcdn.com/bphoto/fSsJJWB8ozp7f8BuQToXyQ/o.jpg"], "review_count": 38, "id": "arepa-and-co-london", "term": "restaurants", "url": "https://www.yelp.com/biz/arepa-and-co-london?adjust_creative=92p07_JjKyriZTQxAXRiKQ&utm_campaign=yelp_api_v3&utm_medium=api_v3_business_lookup&utm_source=92p07_JjKyriZTQxAXRiKQ", "categories": [{"alias": "coffee", "title": "Coffee & Tea"}, {"alias": "latin", "title": "Latin American"}], "location": {"address3": "", "zip_code": "N1 5SB", "address1": "58A De Beauvoir Cresent", "address2": "Haggerston", "city": "London", "state": "XGL", "country": "GB"}, "is_closed": false, "phone": "+442079233507", "image_url": "https://s3-media4.fl.yelpcdn.com/bphoto/BoFE6ro8mBzF3mmapwQKuw/o.jpg", "name": "Arepa & Co"}