{"price": "\u00a3", "rating": 4.5, "coordinates": {"longitude": -0.087597468921709, "latitude": 51.51642518689}, "is_claimed": true, "hours": [{"is_open_now": false, "open": [{"is_overnight": false, "day": 0, "start": "0630", "end": "1500"}, {"is_overnight": false, "day": 1, "start": "0630", "end": "1500"}, {"is_overnight": false, "day": 2, "start": "0630", "end": "1500"}, {"is_overnight": false, "day": 3, "start": "0630", "end": "1500"}, {"is_overnight": false, "day": 4, "start": "0630", "end": "1500"}], "hours_type": "REGULAR"}], "photos": ["https://s3-media1.fl.yelpcdn.com/bphoto/t4BzY_EMucdj-wtP4qa1jg/o.jpg", "https://s3-media1.fl.yelpcdn.com/bphoto/gkMlUx0aPl23oGV1GEzWzQ/o.jpg", "https://s3-media3.fl.yelpcdn.com/bphoto/m0ARQlpYOzNdpxQBP1Oy-g/o.jpg"], "review_count": 26, "id": "assenheims-56-london", "term": "restaurants", "url": "https://www.yelp.com/biz/assenheims-56-london?adjust_creative=92p07_JjKyriZTQxAXRiKQ&utm_campaign=yelp_api_v3&utm_medium=api_v3_business_lookup&utm_source=92p07_JjKyriZTQxAXRiKQ", "categories": [{"alias": "cafes", "title": "Cafes"}, {"alias": "sandwiches", "title": "Sandwiches"}, {"alias": "latin", "title": "Latin American"}], "location": {"address3": "", "zip_code": "EC2R 7DN", "address1": "24 Copthall Avenue", "address2": "", "city": "London", "state": "XGL", "country": "GB"}, "is_closed": false, "phone": "+442076283787", "image_url": "https://s3-media1.fl.yelpcdn.com/bphoto/t4BzY_EMucdj-wtP4qa1jg/o.jpg", "name": "Assenheims 56"}