{"price": "\u00a3", "rating": 4.0, "coordinates": {"longitude": -0.140738025145255, "latitude": 51.5192470995905}, "is_claimed": true, "hours": [{"is_open_now": false, "open": [{"is_overnight": false, "end": "1800", "start": "0800", "day": 0}, {"is_overnight": false, "end": "1800", "start": "0800", "day": 1}, {"is_overnight": false, "end": "1800", "start": "0800", "day": 2}, {"is_overnight": false, "end": "1800", "start": "0800", "day": 3}, {"is_overnight": false, "end": "1800", "start": "0800", "day": 4}, {"is_overnight": false, "end": "1700", "start": "1000", "day": 5}, {"is_overnight": false, "end": "1700", "start": "1000", "day": 6}], "hours_type": "REGULAR"}], "photos": ["https://s3-media4.fl.yelpcdn.com/bphoto/M9wQFD7wGZ4eqyD8RLczNw/o.jpg", "https://s3-media2.fl.yelpcdn.com/bphoto/XG7dqMejKXkdfntQd38aZA/o.jpg", "https://s3-media3.fl.yelpcdn.com/bphoto/vuqnVkvwexzyyu0hoACiMQ/o.jpg"], "review_count": 50, "id": "attendant-london", "term": "restaurants", "url": "https://www.yelp.com/biz/attendant-london?adjust_creative=92p07_JjKyriZTQxAXRiKQ&utm_campaign=yelp_api_v3&utm_medium=api_v3_business_lookup&utm_source=92p07_JjKyriZTQxAXRiKQ", "categories": [{"title": "Coffee & Tea", "alias": "coffee"}, {"title": "Cafes", "alias": "cafes"}], "image_url": "https://s3-media3.fl.yelpcdn.com/bphoto/M9wQFD7wGZ4eqyD8RLczNw/o.jpg", "is_closed": false, "phone": "+442076373794", "location": {"address3": "", "zip_code": "W1W 6DY", "address1": "Downstairs 27A", "address2": "Foley Street", "city": "London", "state": "XGL", "country": "GB"}, "name": "Attendant"}