{"price": "\u00a3", "rating": 4.5, "coordinates": {"longitude": -0.204150203865423, "latitude": 51.4803741784593}, "is_claimed": true, "hours": [{"is_open_now": false, "open": [{"is_overnight": false, "day": 0, "start": "1200", "end": "2230"}, {"is_overnight": false, "day": 1, "start": "1200", "end": "2230"}, {"is_overnight": false, "day": 2, "start": "1200", "end": "2230"}, {"is_overnight": false, "day": 3, "start": "1200", "end": "2230"}, {"is_overnight": false, "day": 4, "start": "1200", "end": "2300"}, {"is_overnight": false, "day": 5, "start": "1200", "end": "2300"}, {"is_overnight": false, "day": 6, "start": "1200", "end": "2230"}], "hours_type": "REGULAR"}], "photos": ["https://s3-media1.fl.yelpcdn.com/bphoto/w3FEGHItN5SB1CDFxvAAFA/o.jpg", "https://s3-media2.fl.yelpcdn.com/bphoto/Pk_E6n6rApimHpdm-Xr1EQ/o.jpg", "https://s3-media3.fl.yelpcdn.com/bphoto/7r_xSLDWQkzWvjCOn9r0ig/o.jpg"], "review_count": 47, "id": "baileys-fish-and-chips-london", "term": "restaurants", "url": "https://www.yelp.com/biz/baileys-fish-and-chips-london?adjust_creative=92p07_JjKyriZTQxAXRiKQ&utm_campaign=yelp_api_v3&utm_medium=api_v3_business_lookup&utm_source=92p07_JjKyriZTQxAXRiKQ", "categories": [{"alias": "fishnchips", "title": "Fish & Chips"}], "location": {"address3": "", "zip_code": "SW6 7EQ", "address1": "115 Dawes Road", "address2": "Fulham", "city": "London", "state": "XGL", "country": "GB"}, "is_closed": false, "phone": "+442073852021", "image_url": "https://s3-media3.fl.yelpcdn.com/bphoto/w3FEGHItN5SB1CDFxvAAFA/o.jpg", "name": "Bailey's Fish and Chips"}