{"price": "\u00a3\u00a3", "rating": 4.0, "coordinates": {"longitude": -0.1291729, "latitude": 51.5117895}, "is_claimed": true, "hours": [{"is_open_now": false, "open": [{"is_overnight": false, "end": "2230", "start": "1200", "day": 0}, {"is_overnight": false, "end": "2230", "start": "1200", "day": 1}, {"is_overnight": false, "end": "2230", "start": "1200", "day": 2}, {"is_overnight": false, "end": "2230", "start": "1200", "day": 3}, {"is_overnight": false, "end": "2230", "start": "1200", "day": 4}, {"is_overnight": false, "end": "2230", "start": "1200", "day": 5}, {"is_overnight": false, "end": "2230", "start": "1200", "day": 6}], "hours_type": "REGULAR"}], "photos": ["https://s3-media1.fl.yelpcdn.com/bphoto/BNx-zse-zqfyrwf-pmFl_Q/o.jpg", "https://s3-media4.fl.yelpcdn.com/bphoto/wZGTQQ_E9T7e-J8x06E5bw/o.jpg", "https://s3-media1.fl.yelpcdn.com/bphoto/APH9GxEctyLFOVzJ-1D30Q/o.jpg"], "review_count": 42, "id": "baiwei-london", "term": "restaurants", "url": "https://www.yelp.com/biz/baiwei-london?adjust_creative=92p07_JjKyriZTQxAXRiKQ&utm_campaign=yelp_api_v3&utm_medium=api_v3_business_lookup&utm_source=92p07_JjKyriZTQxAXRiKQ", "categories": [{"title": "Chinese", "alias": "chinese"}], "image_url": "https://s3-media2.fl.yelpcdn.com/bphoto/BNx-zse-zqfyrwf-pmFl_Q/o.jpg", "is_closed": false, "phone": "+442074943605", "location": {"address3": "", "zip_code": "WC2H 7JJ", "address1": "8 Little Newport Street", "address2": "", "city": "London", "state": "XGL", "country": "GB"}, "name": "Baiwei"}