{"price": "\u00a3\u00a3", "rating": 4.0, "coordinates": {"longitude": -0.1675389, "latitude": 51.4606565}, "is_claimed": true, "hours": [{"is_open_now": false, "open": [{"is_overnight": false, "day": 0, "start": "1200", "end": "2300"}, {"is_overnight": false, "day": 1, "start": "1200", "end": "2300"}, {"is_overnight": false, "day": 2, "start": "1200", "end": "2300"}, {"is_overnight": false, "day": 3, "start": "1200", "end": "2300"}, {"is_overnight": false, "day": 4, "start": "1200", "end": "2300"}, {"is_overnight": false, "day": 5, "start": "1200", "end": "2230"}], "hours_type": "REGULAR"}], "photos": ["https://s3-media2.fl.yelpcdn.com/bphoto/T7UROv574AxpLngtzetv0Q/o.jpg", "https://s3-media3.fl.yelpcdn.com/bphoto/kgqy6Od5R7UWt1PYixTqdA/o.jpg", "https://s3-media3.fl.yelpcdn.com/bphoto/NXsam0oHd5AJTjoFx6HXDQ/o.jpg"], "review_count": 51, "id": "banana-tree-london-7", "term": "restaurants", "url": "https://www.yelp.com/biz/banana-tree-london-7?adjust_creative=92p07_JjKyriZTQxAXRiKQ&utm_campaign=yelp_api_v3&utm_medium=api_v3_business_lookup&utm_source=92p07_JjKyriZTQxAXRiKQ", "categories": [{"alias": "asianfusion", "title": "Asian Fusion"}], "location": {"address3": "", "zip_code": "SW11 1HN", "address1": "75-79 Battersea Rise", "address2": "", "city": "London", "state": "XGL", "country": "GB"}, "is_closed": false, "phone": "+442072282828", "image_url": "https://s3-media4.fl.yelpcdn.com/bphoto/T7UROv574AxpLngtzetv0Q/o.jpg", "name": "Banana Tree"}