{"id": "bao-soho-london", "rating": 4.0, "coordinates": {"longitude": -0.1365727, "latitude": 51.5131119}, "is_claimed": true, "hours": [{"is_open_now": false, "open": [{"is_overnight": false, "day": 0, "start": "1200", "end": "1500"}, {"is_overnight": false, "day": 0, "start": "1730", "end": "2200"}, {"is_overnight": false, "day": 1, "start": "1200", "end": "1500"}, {"is_overnight": false, "day": 1, "start": "1730", "end": "2200"}, {"is_overnight": false, "day": 2, "start": "1200", "end": "1500"}, {"is_overnight": false, "day": 2, "start": "1730", "end": "2200"}, {"is_overnight": false, "day": 3, "start": "1200", "end": "1500"}, {"is_overnight": false, "day": 3, "start": "1730", "end": "2200"}, {"is_overnight": false, "day": 4, "start": "1200", "end": "1500"}, {"is_overnight": false, "day": 4, "start": "1730", "end": "2200"}, {"is_overnight": false, "day": 5, "start": "1200", "end": "1500"}, {"is_overnight": false, "day": 5, "start": "1730", "end": "2200"}], "hours_type": "REGULAR"}], "photos": ["https://s3-media2.fl.yelpcdn.com/bphoto/_GLgKbaV4riXOUU84BGfdA/o.jpg", "https://s3-media4.fl.yelpcdn.com/bphoto/x0pjqi3Snfe3Twb3myKQGA/o.jpg", "https://s3-media3.fl.yelpcdn.com/bphoto/bhdfopTLwa4O-gdWcuVo5g/o.jpg"], "review_count": 102, "price": "\u00a3\u00a3", "term": "restaurants", "url": "https://www.yelp.com/biz/bao-soho-london?adjust_creative=92p07_JjKyriZTQxAXRiKQ&utm_campaign=yelp_api_v3&utm_medium=api_v3_business_lookup&utm_source=92p07_JjKyriZTQxAXRiKQ", "categories": [{"alias": "taiwanese", "title": "Taiwanese"}], "location": {"address3": "", "zip_code": "W1F 9AS", "address1": "53 Lexington Street", "address2": "", "city": "London", "state": "XGL", "country": "GB"}, "is_closed": false, "phone": "+442030192200", "image_url": "https://s3-media2.fl.yelpcdn.com/bphoto/_GLgKbaV4riXOUU84BGfdA/o.jpg", "name": "BAO - Soho"}