{"price": "\u00a3\u00a3", "rating": 4.0, "coordinates": {"longitude": -0.0808691196288103, "latitude": 51.5370420220105}, "is_claimed": true, "hours": [{"is_open_now": false, "open": [{"is_overnight": false, "day": 1, "start": "1100", "end": "2200"}, {"is_overnight": false, "day": 2, "start": "1100", "end": "2200"}, {"is_overnight": false, "day": 3, "start": "1100", "end": "2200"}, {"is_overnight": false, "day": 4, "start": "1100", "end": "2330"}, {"is_overnight": false, "day": 5, "start": "1100", "end": "2330"}, {"is_overnight": false, "day": 6, "start": "1100", "end": "2000"}], "hours_type": "REGULAR"}], "photos": ["https://s3-media3.fl.yelpcdn.com/bphoto/Veq9vmDG8tk5ErCt7_XY7Q/o.jpg", "https://s3-media4.fl.yelpcdn.com/bphoto/lhh1wVlX9JuO_RFATqZQ8A/o.jpg", "https://s3-media4.fl.yelpcdn.com/bphoto/EC2sOGwY2TyW1VsNTb2QnQ/o.jpg"], "review_count": 17, "id": "barge-house-london", "term": "restaurants", "url": "https://www.yelp.com/biz/barge-house-london?adjust_creative=92p07_JjKyriZTQxAXRiKQ&utm_campaign=yelp_api_v3&utm_medium=api_v3_business_lookup&utm_source=92p07_JjKyriZTQxAXRiKQ", "categories": [{"alias": "lounges", "title": "Lounges"}, {"alias": "british", "title": "British"}], "location": {"address3": "", "zip_code": "N1 5RY", "address1": "46 De Bouvoir Crescent", "address2": "", "city": "London", "state": "XGL", "country": "GB"}, "is_closed": false, "phone": "+442072490765", "image_url": "https://s3-media1.fl.yelpcdn.com/bphoto/Veq9vmDG8tk5ErCt7_XY7Q/o.jpg", "name": "Barge House"}