{"photos": ["https://s3-media4.fl.yelpcdn.com/bphoto/032l5CCy4ytUNO5QeQL5LA/o.jpg", "https://s3-media2.fl.yelpcdn.com/bphoto/sXWa9zlvWQOVr76b6POTNg/o.jpg", "https://s3-media3.fl.yelpcdn.com/bphoto/OqDtPPTuL1iIXRnXF2ptqA/o.jpg"], "is_closed": false, "location": {"zip_code": "6008", "address1": "Shop 25", "address3": "", "country": "AU", "city": "Subiaco", "address2": "24 Rokeby Rd", "state": "WA"}, "price": "$$", "term": "restaurants", "is_claimed": false, "image_url": "https://s3-media3.fl.yelpcdn.com/bphoto/032l5CCy4ytUNO5QeQL5LA/o.jpg", "id": "architects-and-heroes-subiaco-3", "hours": [{"is_open_now": false, "hours_type": "REGULAR", "open": [{"is_overnight": false, "day": 0, "end": "1830", "start": "0630"}, {"is_overnight": false, "day": 1, "end": "1830", "start": "0630"}, {"is_overnight": false, "day": 2, "end": "1830", "start": "0630"}, {"is_overnight": false, "day": 3, "end": "1830", "start": "0630"}, {"is_overnight": false, "day": 4, "end": "1830", "start": "0630"}, {"is_overnight": false, "day": 5, "end": "1830", "start": "0630"}]}], "categories": [{"title": "Cafes", "alias": "cafes"}, {"title": "Coffee & Tea", "alias": "coffee"}], "phone": "", "rating": 4.0, "name": "Architects and Heroes", "url": "https://www.yelp.com/biz/architects-and-heroes-subiaco-3?adjust_creative=92p07_JjKyriZTQxAXRiKQ&utm_campaign=yelp_api_v3&utm_medium=api_v3_business_lookup&utm_source=92p07_JjKyriZTQxAXRiKQ", "coordinates": {"latitude": -31.946091149641, "longitude": 115.824190048092}, "review_count": 43}