{"id": "balloon-aloft-canberra-phillip", "rating": 0.0, "coordinates": {"longitude": 149.0845184, "latitude": -35.3389091}, "is_claimed": true, "hours": [{"is_open_now": false, "open": [{"is_overnight": false, "end": "1700", "day": 0, "start": "0900"}, {"is_overnight": false, "end": "1700", "day": 1, "start": "0900"}, {"is_overnight": false, "end": "1700", "day": 2, "start": "0900"}, {"is_overnight": false, "end": "1700", "day": 3, "start": "0900"}, {"is_overnight": false, "end": "1700", "day": 4, "start": "0900"}, {"is_overnight": false, "end": "1700", "day": 5, "start": "0900"}], "hours_type": "REGULAR"}], "photos": ["https://s3-media3.fl.yelpcdn.com/bphoto/IIZOhig5NEDjcIr8dwXEXg/o.jpg", "https://s3-media1.fl.yelpcdn.com/bphoto/w8ssoQEfT5_gTLtIN-UOvg/o.jpg", "https://s3-media3.fl.yelpcdn.com/bphoto/qirv-SA-L-E36tvykCw_Fw/o.jpg"], "review_count": 0, "term": "hotels", "url": "https://www.yelp.com/biz/balloon-aloft-canberra-phillip?adjust_creative=92p07_JjKyriZTQxAXRiKQ&utm_campaign=yelp_api_v3&utm_medium=api_v3_business_lookup&utm_source=92p07_JjKyriZTQxAXRiKQ", "categories": [{"title": "Travel Services", "alias": "travelservices"}, {"title": "Hot Air Balloons", "alias": "hot_air_balloons"}], "location": {"address3": null, "zip_code": "2606", "address1": "7 Irving St", "address2": null, "city": "Phillip", "state": "ACT", "country": "AU"}, "is_closed": false, "phone": "+61262851540", "image_url": "https://s3-media3.fl.yelpcdn.com/bphoto/IIZOhig5NEDjcIr8dwXEXg/o.jpg", "name": "Balloon Aloft Canberra"}