{"url": "https://www.yelp.com/biz/arena-hotel-auckland-auckland?adjust_creative=92p07_JjKyriZTQxAXRiKQ&utm_campaign=yelp_api_v3&utm_medium=api_v3_business_lookup&utm_source=92p07_JjKyriZTQxAXRiKQ", "rating": 2.0, "image_url": "https://s3-media2.fl.yelpcdn.com/bphoto/WWUjey351xMPPkPuk8X66A/o.jpg", "is_closed": false, "review_count": 1, "phone": "+6493032463", "is_claimed": false, "term": "hotels", "location": {"zip_code": "1015", "city": "Auckland", "address3": null, "address1": "131 Beach Rd", "address2": null, "country": "NZ", "state": "AUK"}, "categories": [{"title": "Hotels", "alias": "hotels"}], "photos": ["https://s3-media1.fl.yelpcdn.com/bphoto/WWUjey351xMPPkPuk8X66A/o.jpg", "https://s3-media2.fl.yelpcdn.com/bphoto/6_Y-D94AixWVMzpWumds7A/o.jpg"], "hours": [{"is_open_now": true, "open": [{"is_overnight": false, "start": "0000", "day": 0, "end": "0000"}, {"is_overnight": false, "start": "0000", "day": 1, "end": "0000"}, {"is_overnight": false, "start": "0000", "day": 2, "end": "0000"}, {"is_overnight": false, "start": "0000", "day": 3, "end": "0000"}, {"is_overnight": false, "start": "0000", "day": 4, "end": "0000"}, {"is_overnight": false, "start": "0000", "day": 5, "end": "0000"}, {"is_overnight": false, "start": "0000", "day": 6, "end": "0000"}], "hours_type": "REGULAR"}], "name": "Arena Hotel Auckland", "coordinates": {"latitude": -36.845689, "longitude": 174.774065}, "id": "arena-hotel-auckland-auckland"}