{"rating": 0.0, "url": "https://www.yelp.com/biz/ascot-parnell-boutique-bed-and-breakfast-auckland?adjust_creative=92p07_JjKyriZTQxAXRiKQ&utm_campaign=yelp_api_v3&utm_medium=api_v3_business_lookup&utm_source=92p07_JjKyriZTQxAXRiKQ", "image_url": "https://s3-media4.fl.yelpcdn.com/bphoto/_opqukp3vXiPois5iVQZUg/o.jpg", "is_claimed": true, "review_count": 0, "phone": "+6493099012", "hours": [{"is_open_now": true, "open": [{"is_overnight": false, "start": "0700", "day": 0, "end": "2200"}, {"is_overnight": false, "start": "0700", "day": 1, "end": "2200"}, {"is_overnight": false, "start": "0700", "day": 2, "end": "2200"}, {"is_overnight": false, "start": "0700", "day": 3, "end": "2200"}, {"is_overnight": false, "start": "0700", "day": 4, "end": "2200"}, {"is_overnight": false, "start": "0700", "day": 5, "end": "2200"}, {"is_overnight": false, "start": "0700", "day": 6, "end": "2200"}], "hours_type": "REGULAR"}], "term": "hotels", "location": {"city": "Auckland", "address3": "", "address1": "32 St. Stephens Avenue", "address2": "Parnell", "country": "NZ", "state": "AUK", "zip_code": "1052"}, "categories": [{"title": "Bed & Breakfast", "alias": "bedbreakfast"}, {"title": "Hotels", "alias": "hotels"}], "is_closed": false, "photos": ["https://s3-media3.fl.yelpcdn.com/bphoto/_opqukp3vXiPois5iVQZUg/o.jpg", "https://s3-media2.fl.yelpcdn.com/bphoto/RwvlS5iS3jT0J9ZCL-BLXQ/o.jpg"], "name": "Ascot Parnell Boutique Bed and Breakfast", "coordinates": {"latitude": -36.8570423650454, "longitude": 174.786034438623}, "id": "ascot-parnell-boutique-bed-and-breakfast-auckland"}