{"url": "https://www.yelp.com/biz/ascotia-off-queen-auckland?adjust_creative=92p07_JjKyriZTQxAXRiKQ&utm_campaign=yelp_api_v3&utm_medium=api_v3_business_lookup&utm_source=92p07_JjKyriZTQxAXRiKQ", "rating": 2.0, "image_url": "https://s3-media1.fl.yelpcdn.com/bphoto/D-VaHh7d7cw6biNR1DXuZg/o.jpg", "is_closed": false, "review_count": 1, "phone": "+6493651177", "is_claimed": false, "price": "$$", "term": "hotels", "location": {"zip_code": "1010", "city": "Auckland", "address3": "", "address1": "3-5 Scotia Pl", "address2": "", "country": "NZ", "state": "AUK"}, "categories": [{"title": "Hotels", "alias": "hotels"}], "photos": ["https://s3-media4.fl.yelpcdn.com/bphoto/D-VaHh7d7cw6biNR1DXuZg/o.jpg", "https://s3-media2.fl.yelpcdn.com/bphoto/5RPJZkhQYR9bB40_M1nnTw/o.jpg"], "name": "Ascotia off Queen", "coordinates": {"latitude": -36.85631, "longitude": 174.76147}, "id": "ascotia-off-queen-auckland"}