{"rating": 0.0, "url": "https://www.yelp.com/biz/aspen-house-auckland?adjust_creative=92p07_JjKyriZTQxAXRiKQ&utm_campaign=yelp_api_v3&utm_medium=api_v3_business_lookup&utm_source=92p07_JjKyriZTQxAXRiKQ", "image_url": "", "is_closed": false, "review_count": 0, "phone": "+6493796633", "is_claimed": false, "term": "hotels", "location": {"city": "Auckland", "zip_code": "1001", "address2": null, "address1": "62 Emily Pl", "address3": null, "country": "NZ", "state": "AUK"}, "categories": [{"title": "Hotels", "alias": "hotels"}], "photos": [], "name": "Aspen House", "coordinates": {"latitude": -36.8468094, "longitude": 174.7710419}, "id": "aspen-house-auckland"}