{"url": "https://www.yelp.com/biz/auckland-newmarket-motel-auckland?adjust_creative=92p07_JjKyriZTQxAXRiKQ&utm_campaign=yelp_api_v3&utm_medium=api_v3_business_lookup&utm_source=92p07_JjKyriZTQxAXRiKQ", "rating": 3.0, "image_url": "", "is_closed": false, "review_count": 1, "phone": "+6496308654", "is_claimed": false, "term": "hotels", "location": {"zip_code": "1023", "city": "Auckland", "address3": "", "address1": "189 Manukau Rd", "address2": "Newmarket", "country": "NZ", "state": "AUK"}, "categories": [{"title": "Hotels", "alias": "hotels"}], "photos": [], "hours": [{"is_open_now": true, "open": [{"is_overnight": false, "start": "0830", "day": 0, "end": "2000"}, {"is_overnight": false, "start": "0830", "day": 1, "end": "2000"}, {"is_overnight": false, "start": "0830", "day": 2, "end": "2000"}, {"is_overnight": false, "start": "0830", "day": 3, "end": "2000"}, {"is_overnight": false, "start": "0830", "day": 4, "end": "2000"}, {"is_overnight": false, "start": "0830", "day": 5, "end": "2000"}, {"is_overnight": false, "start": "0830", "day": 6, "end": "2000"}], "hours_type": "REGULAR"}], "name": "Auckland Newmarket Motel", "coordinates": {"latitude": -36.8814745, "longitude": 174.775411}, "id": "auckland-newmarket-motel-auckland"}