{"url": "https://www.yelp.com/biz/auckland-airport-domestic-terminal-auckland?adjust_creative=92p07_JjKyriZTQxAXRiKQ&utm_campaign=yelp_api_v3&utm_medium=api_v3_business_lookup&utm_source=92p07_JjKyriZTQxAXRiKQ", "rating": 3.0, "image_url": "https://s3-media2.fl.yelpcdn.com/bphoto/UgI9gTyf2IA0yGwLX4NgZg/o.jpg", "is_closed": false, "review_count": 15, "phone": "", "is_claimed": false, "term": "hotels", "location": {"zip_code": "2022", "city": "Auckland", "address3": "", "address1": "5 Andrew Mckee Ave", "address2": "", "country": "NZ", "state": "AUK"}, "categories": [{"title": "Airport Terminals", "alias": "airportterminals"}], "photos": ["https://s3-media2.fl.yelpcdn.com/bphoto/UgI9gTyf2IA0yGwLX4NgZg/o.jpg", "https://s3-media2.fl.yelpcdn.com/bphoto/ExwVXhT6KumVrSoHRkBo5g/o.jpg", "https://s3-media4.fl.yelpcdn.com/bphoto/YGeyTf8fYyqRJE0YZAFp0A/o.jpg"], "name": "Auckland Airport - Domestic Terminal", "coordinates": {"latitude": -37.00567, "longitude": 174.79176}, "id": "auckland-airport-domestic-terminal-auckland"}