{"rating": 0.0, "url": "https://www.yelp.com/biz/auckland-astro-motel-auckland?adjust_creative=92p07_JjKyriZTQxAXRiKQ&utm_campaign=yelp_api_v3&utm_medium=api_v3_business_lookup&utm_source=92p07_JjKyriZTQxAXRiKQ", "image_url": "", "is_closed": false, "review_count": 0, "phone": "+646498692279", "location": {"city": "Auckland", "zip_code": "2010", "address2": null, "address1": "21 Park Ave", "address3": "", "country": "NZ", "state": "AUK"}, "is_claimed": false, "term": "hotels", "hours": [{"is_open_now": true, "open": [{"is_overnight": false, "start": "0600", "day": 0, "end": "2330"}, {"is_overnight": false, "start": "0600", "day": 1, "end": "2330"}, {"is_overnight": false, "start": "0600", "day": 2, "end": "2330"}, {"is_overnight": false, "start": "0600", "day": 3, "end": "2330"}, {"is_overnight": false, "start": "0600", "day": 4, "end": "2330"}, {"is_overnight": false, "start": "0600", "day": 5, "end": "2330"}, {"is_overnight": false, "start": "0600", "day": 6, "end": "2330"}], "hours_type": "REGULAR"}], "categories": [{"title": "Hotels", "alias": "hotels"}], "photos": [], "name": "Auckland Astro Motel", "coordinates": {"latitude": -36.9009356, "longitude": 174.8942795}, "id": "auckland-astro-motel-auckland"}