{"rating": 2.0, "url": "https://www.yelp.com/biz/auckland-cooperative-taxi-society-auckland?adjust_creative=92p07_JjKyriZTQxAXRiKQ&utm_campaign=yelp_api_v3&utm_medium=api_v3_business_lookup&utm_source=92p07_JjKyriZTQxAXRiKQ", "image_url": "https://s3-media2.fl.yelpcdn.com/bphoto/JKcz4d0CeabDonDAdSVpJg/o.jpg", "is_claimed": false, "review_count": 5, "phone": "+6493003000", "hours": [{"is_open_now": true, "open": [{"is_overnight": false, "start": "0000", "day": 0, "end": "0000"}, {"is_overnight": false, "start": "0000", "day": 1, "end": "0000"}, {"is_overnight": false, "start": "0000", "day": 2, "end": "0000"}, {"is_overnight": false, "start": "0000", "day": 3, "end": "0000"}, {"is_overnight": false, "start": "0000", "day": 4, "end": "0000"}, {"is_overnight": false, "start": "0000", "day": 5, "end": "0000"}, {"is_overnight": false, "start": "0000", "day": 6, "end": "0000"}], "hours_type": "REGULAR"}], "term": "hotels", "location": {"city": "Auckland", "address3": null, "address1": "10 Macaulay St", "address2": null, "country": "NZ", "state": "AUK", "zip_code": "1021"}, "categories": [{"title": "Taxis", "alias": "taxis"}], "is_closed": false, "photos": ["https://s3-media2.fl.yelpcdn.com/bphoto/JKcz4d0CeabDonDAdSVpJg/o.jpg", "https://s3-media4.fl.yelpcdn.com/bphoto/rM0NPltgvizn5T3WrTcPKg/o.jpg", "https://s3-media4.fl.yelpcdn.com/bphoto/GAQsvyXym_6Cq7wNgiSlig/o.jpg"], "name": "Auckland CoOperative Taxi Society", "coordinates": {"latitude": -36.8636017, "longitude": 174.7574463}, "id": "auckland-cooperative-taxi-society-auckland"}