{"rating": 0.0, "url": "https://www.yelp.com/biz/auckland-hockey-association-auckland?adjust_creative=92p07_JjKyriZTQxAXRiKQ&utm_campaign=yelp_api_v3&utm_medium=api_v3_business_lookup&utm_source=92p07_JjKyriZTQxAXRiKQ", "image_url": "", "is_closed": false, "review_count": 0, "phone": "+6495760683", "is_claimed": false, "term": "hotels", "location": {"city": "Auckland", "zip_code": "2010", "address2": null, "address1": "Bells Rd", "address3": null, "country": "NZ", "state": "AUK"}, "categories": [{"title": "Hotels", "alias": "hotels"}], "photos": [], "name": "Auckland Hockey Association", "coordinates": {"latitude": -36.9061317, "longitude": 174.9017029}, "id": "auckland-hockey-association-auckland"}