{"rating": 4.0, "url": "https://www.yelp.com/biz/aucklands-waitakere-estate-auckland?adjust_creative=92p07_JjKyriZTQxAXRiKQ&utm_campaign=yelp_api_v3&utm_medium=api_v3_business_lookup&utm_source=92p07_JjKyriZTQxAXRiKQ", "image_url": "https://s3-media1.fl.yelpcdn.com/bphoto/wDUwXuVJocoL-I_MSq758Q/o.jpg", "is_closed": false, "review_count": 2, "phone": "+6498149622", "location": {"city": "Auckland", "zip_code": "0612", "address2": null, "address1": "573 Scenic Dr", "address3": null, "country": "NZ", "state": "AUK"}, "is_claimed": false, "price": "$$", "term": "hotels", "hours": [{"is_open_now": true, "open": [{"is_overnight": false, "start": "0700", "day": 0, "end": "2300"}, {"is_overnight": false, "start": "0700", "day": 1, "end": "2300"}, {"is_overnight": false, "start": "0700", "day": 2, "end": "2300"}, {"is_overnight": false, "start": "0700", "day": 3, "end": "2300"}, {"is_overnight": false, "start": "0700", "day": 4, "end": "2300"}, {"is_overnight": false, "start": "0700", "day": 5, "end": "2300"}, {"is_overnight": false, "start": "0700", "day": 6, "end": "2300"}], "hours_type": "REGULAR"}], "categories": [{"title": "Hotels", "alias": "hotels"}], "photos": ["https://s3-media4.fl.yelpcdn.com/bphoto/wDUwXuVJocoL-I_MSq758Q/o.jpg", "https://s3-media3.fl.yelpcdn.com/bphoto/LgjgAnloFXpqqVkLf53gIw/o.jpg", "https://s3-media3.fl.yelpcdn.com/bphoto/ePooG0FTerCD7M6tryPqiw/o.jpg"], "name": "Auckland's Waitakere Estate", "coordinates": {"latitude": -36.9226303, "longitude": 174.5638123}, "id": "aucklands-waitakere-estate-auckland"}