{"rating": 0.0, "url": "https://www.yelp.com/biz/auckland-city-hotelhobson-st-auckland?adjust_creative=92p07_JjKyriZTQxAXRiKQ&utm_campaign=yelp_api_v3&utm_medium=api_v3_business_lookup&utm_source=92p07_JjKyriZTQxAXRiKQ", "image_url": "", "is_closed": false, "review_count": 0, "phone": "", "is_claimed": false, "term": "hotels", "location": {"city": "Auckland", "zip_code": "1141", "address2": null, "address1": "157 Hobson St", "address3": null, "country": "NZ", "state": "AUK"}, "categories": [{"title": "Hotels", "alias": "hotels"}], "photos": [], "name": "Auckland City Hotelhobson St", "coordinates": {"latitude": -36.8511505, "longitude": 174.759964}, "id": "auckland-city-hotelhobson-st-auckland"}