{"rating": 3.0, "url": "https://www.yelp.com/biz/auckland-i-site-skycity-auckland?adjust_creative=92p07_JjKyriZTQxAXRiKQ&utm_campaign=yelp_api_v3&utm_medium=api_v3_business_lookup&utm_source=92p07_JjKyriZTQxAXRiKQ", "is_claimed": false, "is_closed": false, "review_count": 3, "phone": "+6493659918", "hours": [{"is_open_now": true, "open": [{"is_overnight": false, "start": "0900", "day": 0, "end": "1800"}, {"is_overnight": false, "start": "0900", "day": 1, "end": "1800"}, {"is_overnight": false, "start": "0900", "day": 2, "end": "1800"}, {"is_overnight": false, "start": "0900", "day": 3, "end": "1800"}, {"is_overnight": false, "start": "0900", "day": 4, "end": "1800"}, {"is_overnight": false, "start": "0900", "day": 5, "end": "1800"}, {"is_overnight": false, "start": "0900", "day": 6, "end": "1800"}], "hours_type": "REGULAR"}], "term": "hotels", "location": {"city": "Auckland", "address3": "Auckland City, 1010", "address1": "Skycity Atrium", "address2": "corner of Victoria and Federal Streets", "state": "AUK", "country": "NZ", "zip_code": "1010"}, "categories": [{"title": "Travel Services", "alias": "travelservices"}, {"title": "Local Flavor", "alias": "localflavor"}, {"title": "Tours", "alias": "tours"}], "image_url": "https://s3-media3.fl.yelpcdn.com/bphoto/Opa74A3Lh4RcB6HkKOaNGw/o.jpg", "photos": ["https://s3-media2.fl.yelpcdn.com/bphoto/Opa74A3Lh4RcB6HkKOaNGw/o.jpg"], "name": "Auckland i-SITE - Skycity", "coordinates": {"latitude": -36.8486180720526, "longitude": 174.764273520152}, "id": "auckland-i-site-skycity-auckland"}