{"rating": 0.0, "url": "https://www.yelp.com/biz/auckland-waterfront-serviced-apartments-auckland?adjust_creative=92p07_JjKyriZTQxAXRiKQ&utm_campaign=yelp_api_v3&utm_medium=api_v3_business_lookup&utm_source=92p07_JjKyriZTQxAXRiKQ", "image_url": "https://s3-media1.fl.yelpcdn.com/bphoto/H_OEf6XuLAmE3aP7PiWIrg/o.jpg", "is_claimed": true, "review_count": 0, "phone": "+6421972004", "hours": [{"is_open_now": true, "open": [{"is_overnight": false, "start": "0900", "day": 0, "end": "1700"}, {"is_overnight": false, "start": "0900", "day": 1, "end": "1700"}, {"is_overnight": false, "start": "0900", "day": 2, "end": "1700"}, {"is_overnight": false, "start": "0900", "day": 3, "end": "1700"}, {"is_overnight": false, "start": "0900", "day": 4, "end": "1700"}, {"is_overnight": false, "start": "0900", "day": 5, "end": "1700"}, {"is_overnight": false, "start": "0900", "day": 6, "end": "1700"}], "hours_type": "REGULAR"}], "term": "hotels", "location": {"city": "Auckland", "address3": "143 Quay St", "address1": "Apartment 3", "address2": "Shed 24", "country": "NZ", "state": "AUK", "zip_code": "1010"}, "categories": [{"title": "Vacation Rentals", "alias": "vacation_rentals"}], "is_closed": false, "photos": ["https://s3-media1.fl.yelpcdn.com/bphoto/H_OEf6XuLAmE3aP7PiWIrg/o.jpg", "https://s3-media2.fl.yelpcdn.com/bphoto/Vy6FUKjSyQFJOKgbTyudXA/o.jpg", "https://s3-media4.fl.yelpcdn.com/bphoto/d6zLefYt0Nn40KRcWotdHQ/o.jpg"], "name": "Auckland Waterfront Serviced Apartments", "coordinates": {"latitude": -36.839554, "longitude": 174.76526}, "id": "auckland-waterfront-serviced-apartments-auckland"}