{"rating": 0.0, "url": "https://www.yelp.com/biz/avondale-motor-park-auckland?adjust_creative=92p07_JjKyriZTQxAXRiKQ&utm_campaign=yelp_api_v3&utm_medium=api_v3_business_lookup&utm_source=92p07_JjKyriZTQxAXRiKQ", "image_url": "", "coordinates": {"latitude": -36.8976898, "longitude": 174.7063293}, "review_count": 0, "phone": "+6498287228", "is_claimed": false, "term": "hotels", "location": {"city": "Auckland", "address3": null, "address1": "46 Bollard Ave", "address2": null, "state": "AUK", "country": "NZ", "zip_code": "1026"}, "categories": [{"title": "Hotels", "alias": "hotels"}], "photos": [], "name": "Avondale Motor Park", "is_closed": false, "id": "avondale-motor-park-auckland"}