{"rating": 4.0, "url": "https://www.yelp.com/biz/avondale-motorcamp-auckland?adjust_creative=92p07_JjKyriZTQxAXRiKQ&utm_campaign=yelp_api_v3&utm_medium=api_v3_business_lookup&utm_source=92p07_JjKyriZTQxAXRiKQ", "image_url": "https://s3-media2.fl.yelpcdn.com/bphoto/Shnet-KsSJnsHpxgrDnNJw/o.jpg", "coordinates": {"latitude": -36.8982585, "longitude": 174.7054013}, "review_count": 1, "phone": "", "is_claimed": false, "term": "hotels", "location": {"city": "Auckland", "address3": "", "address1": "Bollard Avenue", "address2": "", "state": "AUK", "country": "NZ", "zip_code": "1087"}, "categories": [{"title": "Campgrounds", "alias": "campgrounds"}], "photos": ["https://s3-media3.fl.yelpcdn.com/bphoto/Shnet-KsSJnsHpxgrDnNJw/o.jpg", "https://s3-media2.fl.yelpcdn.com/bphoto/ZJOXG7iionXWtd0JY9F_Lg/o.jpg", "https://s3-media2.fl.yelpcdn.com/bphoto/9tODp4OKhdkJ0nc6Uf7a5g/o.jpg"], "name": "Avondale Motorcamp", "is_closed": false, "id": "avondale-motorcamp-auckland"}