{"rating": 5.0, "url": "https://www.yelp.com/biz/bankside-waldorf-auckland?adjust_creative=92p07_JjKyriZTQxAXRiKQ&utm_campaign=yelp_api_v3&utm_medium=api_v3_business_lookup&utm_source=92p07_JjKyriZTQxAXRiKQ", "is_claimed": false, "is_closed": false, "review_count": 1, "phone": "+6493375400", "hours": [{"is_open_now": false, "open": [{"is_overnight": false, "start": "0700", "day": 0, "end": "2000"}, {"is_overnight": false, "start": "0700", "day": 1, "end": "2000"}, {"is_overnight": false, "start": "0700", "day": 2, "end": "2000"}, {"is_overnight": false, "start": "0700", "day": 3, "end": "2000"}, {"is_overnight": false, "start": "0700", "day": 4, "end": "2000"}, {"is_overnight": false, "start": "0700", "day": 5, "end": "2000"}, {"is_overnight": false, "start": "0900", "day": 6, "end": "1400"}], "hours_type": "REGULAR"}], "term": "hotels", "location": {"city": "Auckland", "address3": "", "address1": "Bankside Street 8", "address2": "", "state": "AUK", "country": "NZ", "zip_code": "1010"}, "categories": [{"title": "Vacation Rentals", "alias": "vacation_rentals"}, {"title": "Apartments", "alias": "apartments"}], "image_url": "https://s3-media2.fl.yelpcdn.com/bphoto/wxGaXwuNKOlO1kNtcoVeug/o.jpg", "photos": ["https://s3-media3.fl.yelpcdn.com/bphoto/wxGaXwuNKOlO1kNtcoVeug/o.jpg", "https://s3-media2.fl.yelpcdn.com/bphoto/qp8f_Ka7u5TpkwO6MkGceQ/o.jpg", "https://s3-media3.fl.yelpcdn.com/bphoto/_1Sgge4hfJHrhBWd73KNeg/o.jpg"], "name": "Bankside Waldorf", "coordinates": {"latitude": -36.8473206, "longitude": 174.7696228}, "id": "bankside-waldorf-auckland"}