{"id": "ascot-racecourse-ascot-2", "rating": 4.5, "coordinates": {"longitude": 115.92143, "latitude": -31.93811}, "is_claimed": false, "photos": ["https://s3-media3.fl.yelpcdn.com/bphoto/3tglq5r3yHI5_26agPXsOw/o.jpg", "https://s3-media3.fl.yelpcdn.com/bphoto/OdQAAtXfbGc7qE29F4krmg/o.jpg", "https://s3-media3.fl.yelpcdn.com/bphoto/NlB_2LshuHzmDFGePEpl7A/o.jpg"], "review_count": 3, "term": "attractions", "url": "https://www.yelp.com/biz/ascot-racecourse-ascot-2?adjust_creative=92p07_JjKyriZTQxAXRiKQ&utm_campaign=yelp_api_v3&utm_medium=api_v3_business_lookup&utm_source=92p07_JjKyriZTQxAXRiKQ", "categories": [{"alias": "casinos", "title": "Casinos"}, {"alias": "stadiumsarenas", "title": "Stadiums & Arenas"}], "location": {"address3": "", "zip_code": "6104", "address1": "Grandstand Rd", "address2": "", "city": "Ascot", "state": "WA", "country": "AU"}, "is_closed": false, "phone": "+61892770713", "image_url": "https://s3-media1.fl.yelpcdn.com/bphoto/3tglq5r3yHI5_26agPXsOw/o.jpg", "name": "Ascot Racecourse"}