{"location": {"city": "Paris", "address2": null, "zip_code": "75016", "address3": null, "address1": "5 Avenue Albert De Mun", "country": "FR", "state": "75"}, "categories": [{"alias": "movietheaters", "title": "Cinema"}, {"alias": "aquariums", "title": "Aquariums"}], "is_closed": false, "term": "attractions", "url": "https://www.yelp.com/biz/aquarium-de-paris-cin%C3%A9aqua-paris-4?adjust_creative=92p07_JjKyriZTQxAXRiKQ&utm_campaign=yelp_api_v3&utm_medium=api_v3_business_lookup&utm_source=92p07_JjKyriZTQxAXRiKQ", "id": "aquarium-de-paris-cin\u00e9aqua-paris-4", "phone": "+33140692323", "photos": ["https://s3-media1.fl.yelpcdn.com/bphoto/dxkG9LsGbtfwewpYIQGczQ/o.jpg", "https://s3-media2.fl.yelpcdn.com/bphoto/r8_VBZceKTMHNq5ZV04FXw/o.jpg", "https://s3-media1.fl.yelpcdn.com/bphoto/aMpLYT1z7U1kztRo_lj9Pw/o.jpg"], "is_claimed": false, "rating": 3.5, "review_count": 3, "image_url": "https://s3-media1.fl.yelpcdn.com/bphoto/dxkG9LsGbtfwewpYIQGczQ/o.jpg", "coordinates": {"latitude": 48.863021, "longitude": 2.291741}, "name": "Aquarium de Paris - Cin\u00e9aqua"}