{"location": {"city": "Paris", "address2": "293 avenue Daumesnil", "zip_code": "75012", "country": "FR", "address1": "Palais de la Porte Dor\u00e9e", "address3": "", "state": "75"}, "categories": [{"title": "Aquariums", "alias": "aquariums"}], "is_closed": false, "price": "\u20ac", "hours": [{"is_open_now": false, "hours_type": "REGULAR", "open": [{"day": 1, "end": "1730", "start": "1000", "is_overnight": false}, {"day": 2, "end": "1730", "start": "1000", "is_overnight": false}, {"day": 3, "end": "1730", "start": "1000", "is_overnight": false}, {"day": 4, "end": "1730", "start": "1000", "is_overnight": false}, {"day": 5, "end": "1900", "start": "1000", "is_overnight": false}, {"day": 6, "end": "1900", "start": "1000", "is_overnight": false}]}], "id": "aquarium-de-la-porte-dor\u00e9e-paris-4", "phone": "+33144748480", "photos": ["https://s3-media3.fl.yelpcdn.com/bphoto/_dFiBD4rE7xrRdTQ6w8V-g/o.jpg", "https://s3-media3.fl.yelpcdn.com/bphoto/k1LSdIys0XqNKuRY-ck45Q/o.jpg", "https://s3-media1.fl.yelpcdn.com/bphoto/-GvRRAgXHoDv4OTsfjcKIw/o.jpg"], "term": "attractions", "url": "https://www.yelp.com/biz/aquarium-de-la-porte-dor%C3%A9e-paris-4?adjust_creative=92p07_JjKyriZTQxAXRiKQ&utm_campaign=yelp_api_v3&utm_medium=api_v3_business_lookup&utm_source=92p07_JjKyriZTQxAXRiKQ", "is_claimed": false, "review_count": 45, "rating": 4.0, "image_url": "https://s3-media3.fl.yelpcdn.com/bphoto/_dFiBD4rE7xrRdTQ6w8V-g/o.jpg", "coordinates": {"latitude": 48.83464, "longitude": 2.40959}, "name": "Aquarium de la Porte Dor\u00e9e"}