{"id": "attractive-world-samadhi-paris-2", "categories": [], "is_closed": false, "term": "attractions", "url": "https://www.yelp.com/biz/attractive-world-samadhi-paris-2?adjust_creative=92p07_JjKyriZTQxAXRiKQ&utm_campaign=yelp_api_v3&utm_medium=api_v3_business_lookup&utm_source=92p07_JjKyriZTQxAXRiKQ", "location": {"state": "75", "address2": null, "zip_code": "75011", "country": "FR", "address1": "38 Rue Servan", "address3": null, "city": "Paris"}, "phone": "+33147202895", "photos": [], "is_claimed": false, "rating": 0.0, "review_count": 0, "image_url": "", "coordinates": {"latitude": 48.8619604, "longitude": 2.3824936}, "name": "Attractive World Samadhi"}